question_id,category,question,gold_answer,predicted,similarity,passed
AGG_V2_001,aggregate,In which wave did patient 0047123f record their highest average Body Mass Index?,Wave 6 (avg BMI = 28.1 kg/m2),"{'answer': 'Not found in records.', 'patient_id': '0047123f', 'waves': [], 'category': 'aggregate', 'context': 'PATIENT RECORD\nPatient ID : 0047123f\nName       : Jordon466 Harber290\nGender     : M  |  Race: black\nBirthdate  : 1960-01-20  |  Location: Middleton, Massachusetts\n\n=== FULL HISTORY (all waves) ===\nCONDITIONS (6):\n  - Viral sinusitis (disorder) (onset: 2010-09-24)\n  - Acute bronchitis (disorder) (onset: 2011-09-05)\n  - Appendicitis (onset: 2013-01-08)\n  - History of appendectomy (onset: 2013-01-08)\nOBSERVATIONS (175):\n  - Body Height: 176.5 cm (date: 2020-03-19)\n  - Pain severity - 0-10 verbal numeric rating [Score] - Reported: 3.0 {score} (date: 2020-03-19)\n  - Body Weight: 87.6 kg (date: 2020-03-19)\n  - Body Mass Index: 28.1 kg/m2 (date: 2020-03-19)\n  - Diastolic Blood Pressure: 77.0 mm[Hg] (date: 2020-03-19)\n  - Systolic Blood Pressure: 118.0 mm[Hg] (date: 2020-03-19)\n  - Heart rate: 75.0 /min (date: 2020-03-19)\n  - Respiratory rate: 14.0 /min (date: 2020-03-19)\n  - Leukocytes [#/volume] in Blood by Automated count: 9.6 10*3/uL (date: 2016-02-25)\n  - Erythrocytes [#/volume] in Blood by Automated count: 5.0 10*6/uL (date: 2016-02-25)\n  - Hemoglobin [Mass/volume] in Blood: 12.0 g/dL (date: 2016-02-25)\n  - Hematocrit [Volume Fraction] of Blood by Automated count: 44.9 % (date: 2016-02-25)\n  - MCV [Entitic volume] by Automated count: 86.5 fL (date: 2016-02-25)\n  - MCH [Entitic mass] by Automated count: 32.2 pg (date: 2016-02-25)\n  - MCHC [Mass/volume] by Automated count: 35.0 g/dL (date: 2016-02-25)\n  - Erythrocyte distribution width [Entitic volume] by Automated count: 40.3 fL (date: 2016-02-25)\n  - Platelets [#/volume] in Blood by Automated count: 440.9 10*3/uL (date: 2016-02-25)\n  - Platelet distribution width [Entitic volume] in Blood by Automated count: 514.4 fL (date: 2016-02-25)\n  - Platelet mean volume [Entitic volume] in Blood by Automated count: 10.4 fL (date: 2016-02-25)\n  - Tobacco smoking status NHIS: Former smoker nan (date: 2020-03-19)\n  - Total Cholesterol: 187.8 mg/dL (date: 2019-03-14)\n  - Triglycerides: 121.1 mg/dL (date: 2019-03-14)\n  - Low Density Lipoprotein Cholesterol: 104.5 mg/dL (date: 2019-03-14)\n  - High Density Lipoprotein Cholesterol: 59.1 mg/dL (date: 2019-03-14)\n  - QALY: 57.5 a (date: 2020-01-21)\nMEDICATIONS (2):\n  - Acetaminophen 21.7 MG/ML / Dextromethorphan Hydrobromide 1 MG/ML / doxylamine succinate 0.417 MG/ML Oral Solution (from: 2011-09-06, to: 2011-09-20)\n  - Amoxicillin 250 MG / Clavulanate 125 MG Oral Tablet (from: 2016-05-17, to: 2016-06-07)'}",0.018,False
AGG_V2_002,aggregate,In which wave was patient 00185faa prescribed the most unique medications?,Wave 6 (3 unique medications),"{'answer': 'Not found in records.', 'patient_id': '00185faa', 'waves': [], 'category': 'lookup', 'context': 'PATIENT RECORD\nPatient ID : 00185faa\nName       : Eusebio566 Wyman904\nGender     : M  |  Race: white\nBirthdate  : 2003-11-18  |  Location: Lynn, Massachusetts\n\n=== FULL HISTORY (all waves) ===\nCONDITIONS (5):\n  - Acute viral pharyngitis (disorder) (onset: 2012-08-03)\n  - Streptococcal sore throat (disorder) (onset: 2012-10-14)\n  - Chronic pain (onset: 2017-12-21)\n  - Chronic intractable migraine without aura (onset: 2018-10-18)\n  - Impacted molars (onset: 2019-09-07)\nOBSERVATIONS (164):\n  - Body Height: 177.7 cm (date: 2019-12-31)\n  - Pain severity - 0-10 verbal numeric rating [Score] - Reported: 7.0 {score} (date: 2020-04-14)\n  - Body Weight: 64.9 kg (date: 2019-12-31)\n  - Body Mass Index: 20.6 kg/m2 (date: 2019-12-31)\n  - Body mass index (BMI) [Percentile] Per age and gender: 49.0 % (date: 2019-12-31)\n  - Diastolic Blood Pressure: 69.0 mm[Hg] (date: 2019-12-31)\n  - Systolic Blood Pressure: 107.0 mm[Hg] (date: 2019-12-31)\n  - Heart rate: 61.0 /min (date: 2019-12-31)\n  - Respiratory rate: 14.0 /min (date: 2019-12-31)\n  - Tobacco smoking status NHIS: Never smoker nan (date: 2019-12-31)\n  - Body temperature: 37.5 Cel (date: 2012-10-14)\n  - Leukocytes [#/volume] in Blood by Automated count: 5.7 10*3/uL (date: 2019-12-31)\n  - Erythrocytes [#/volume] in Blood by Automated count: 5.5 10*6/uL (date: 2019-12-31)\n  - Hemoglobin [Mass/volume] in Blood: 13.6 g/dL (date: 2019-12-31)\n  - Hematocrit [Volume Fraction] of Blood by Automated count: 40.8 % (date: 2019-12-31)\n  - MCV [Entitic volume] by Automated count: 86.5 fL (date: 2019-12-31)\n  - MCH [Entitic mass] by Automated count: 29.0 pg (date: 2019-12-31)\n  - MCHC [Mass/volume] by Automated count: 34.7 g/dL (date: 2019-12-31)\n  - Erythrocyte distribution width [Entitic volume] by Automated count: 40.4 fL (date: 2019-12-31)\n  - Platelets [#/volume] in Blood by Automated count: 337.7 10*3/uL (date: 2019-12-31)\n  - Platelet distribution width [Entitic volume] in Blood by Automated count: 298.9 fL (date: 2019-12-31)\n  - Platelet mean volume [Entitic volume] in Blood by Automated count: 11.6 fL (date: 2019-12-31)\n  - QALY: 14.6 a (date: 2019-11-18)\n  - DALY: 0.4 a (date: 2019-11-18)\n  - QOLS: 0.6 {score} (date: 2019-11-18)\nMEDICATIONS (11):\n  - Penicillin V Potassium 250 MG Oral Tablet (from: 2012-10-14, to: 2012-10-25)\n  - Abuse-Deterrent 12 HR Oxycodone Hydrochloride 15 MG Extended Release Oral Tablet (from: 2017-12-21, to: 2018-01-18)\n  - Acetaminophen 325 MG / Oxycodone Hydrochloride 5 MG Oral Tablet (from: 2018-10-18, to: 2018-11-01)\n  - Acetaminophen 300 MG / HYDROcodone Bitartrate 5 MG Oral Tablet (from: 2019-09-07, to: 2019-10-26)'}",0.017,False
AGG_V2_003,aggregate,How many waves did patient 023a7d29 have NO new conditions diagnosed?,"4 waves with no new diagnoses (Wave 2, Wave 3, Wave 4, Wave 7)","{'answer': 'Not found in records.', 'patient_id': '023a7d29', 'waves': [], 'category': 'aggregate', 'context': 'PATIENT RECORD\nPatient ID : 023a7d29\nName       : Conchita9 Peres371\nGender     : F  |  Race: asian\nBirthdate  : 1922-02-14  |  Location: Cambridge, Massachusetts\n\n=== FULL HISTORY (all waves) ===\nCONDITIONS (4):\n  - Viral sinusitis (disorder) (onset: 2010-07-19)\n  - Acute bronchitis (disorder) (onset: 2011-07-21)\n  - Acute viral pharyngitis (disorder) (onset: 2011-10-19)\nOBSERVATIONS (448):\n  - Body Height: 168.5 cm (date: 2019-11-12)\n  - Pain severity - 0-10 verbal numeric rating [Score] - Reported: 0.0 {score} (date: 2019-11-12)\n  - Body Weight: 85.7 kg (date: 2019-11-12)\n  - Body Mass Index: 30.2 kg/m2 (date: 2019-11-12)\n  - Diastolic Blood Pressure: 76.0 mm[Hg] (date: 2019-11-12)\n  - Systolic Blood Pressure: 134.0 mm[Hg] (date: 2019-11-12)\n  - Heart rate: 67.0 /min (date: 2019-11-12)\n  - Respiratory rate: 16.0 /min (date: 2019-11-12)\n  - Glucose: 96.1 mg/dL (date: 2020-03-03)\n  - Urea Nitrogen: 17.8 mg/dL (date: 2020-03-03)\n  - Creatinine: 3.3 mg/dL (date: 2020-03-03)\n  - Calcium: 9.9 mg/dL (date: 2020-03-03)\n  - Sodium: 138.0 mmol/L (date: 2020-03-03)\n  - Potassium: 3.9 mmol/L (date: 2020-03-03)\n  - Chloride: 104.3 mmol/L (date: 2020-03-03)\n  - Carbon Dioxide: 25.4 mmol/L (date: 2020-03-03)\n  - Tobacco smoking status NHIS: Former smoker nan (date: 2019-11-12)\n  - Hemoglobin A1c/Hemoglobin.total in Blood: 6.2 % (date: 2019-11-12)\n  - Glomerular filtration rate/1.73 sq M.predicted: 89.4 mL/min (date: 2020-03-03)\n  - Protein [Mass/volume] in Serum or Plasma: 71.6 g/dL (date: 2020-03-03)\n  - Albumin [Mass/volume] in Serum or Plasma: 4.0 g/dL (date: 2020-03-03)\n  - Globulin [Mass/volume] in Serum by calculation: 2.8 g/L (date: 2020-03-03)\n  - Bilirubin.total [Mass/volume] in Serum or Plasma: 0.5 mg/dL (date: 2020-03-03)\n  - Alkaline phosphatase [Enzymatic activity/volume] in Serum or Plasma: 53.0 U/L (date: 2020-03-03)\n  - Alanine aminotransferase [Enzymatic activity/volume] in Serum or Plasma: 44.0 U/L (date: 2020-03-03)\nMEDICATIONS (125):\n  - Simvastatin 10 MG Oral Tablet (from: 1990-03-11, to: 1991-03-11)\n  - Verapamil Hydrochloride 40 MG (from: 1990-05-29, to: 1991-06-04)\n  - Digoxin 0.125 MG Oral Tablet (from: 1990-05-29, to: 1991-06-04)\n  - Warfarin Sodium 5 MG Oral Tablet (from: 1990-05-29, to: 1991-06-04)\n  - Acetaminophen 325 MG Oral Tablet (from: 2011-07-21, to: 2011-07-28)'}",0.035,False
AGG_V2_004,aggregate,How many of patient 0149d553's ever-diagnosed conditions were chronic (no recorded stop date)?,4 chronic conditions out of 9 total,"{'answer': '5; Body mass index 40+ - severely obese; Prediabetes; Anemia; Viral sinusitis is not chronic as it has an onset and no stop date is needed for it to be considered chronic, however other conditions such as Normal pregnancy has a stop date implied, first degree burn and acute viral pharyngitis have stop dates implied as they are not ongoing; the 5 conditions are: Body mass index 40+ - severely obese; Prediabetes; Anemia; no stop date is found for these conditions and 2 more conditions.', 'patient_id': '0149d553', 'waves': [], 'category': 'aggregate', 'context': 'PATIENT RECORD\nPatient ID : 0149d553\nName       : Sophie40 Kessler503\nGender     : F  |  Race: white\nBirthdate  : 1979-06-21  |  Location: Northborough, Massachusetts\n\n=== FULL HISTORY (all waves) ===\nCONDITIONS (8):\n  - Body mass index 40+ - severely obese (finding) (onset: 1994-07-28)\n  - Prediabetes (onset: 2001-08-23)\n  - Anemia (disorder) (onset: 2001-08-23)\n  - Normal pregnancy (onset: 2010-09-02)\n  - First degree burn (onset: 2013-03-15)\n  - Acute viral pharyngitis (disorder) (onset: 2014-01-16)\n  - Viral sinusitis (disorder) (onset: 2014-03-11)\nOBSERVATIONS (137):\n  - Body Height: 148.2 cm (date: 2019-06-27)\n  - Pain severity - 0-10 verbal numeric rating [Score] - Reported: 2.0 {score} (date: 2019-06-27)\n  - Body Weight: 100.1 kg (date: 2019-06-27)\n  - Body Mass Index: 45.6 kg/m2 (date: 2019-06-27)\n  - Diastolic Blood Pressure: 80.0 mm[Hg] (date: 2019-06-27)\n  - Systolic Blood Pressure: 124.0 mm[Hg] (date: 2019-06-27)\n  - Heart rate: 66.0 /min (date: 2019-06-27)\n  - Respiratory rate: 14.0 /min (date: 2019-06-27)\n  - Glucose: 85.6 mg/dL (date: 2019-06-27)\n  - Urea Nitrogen: 7.9 mg/dL (date: 2019-06-27)\n  - Creatinine: 1.2 mg/dL (date: 2019-06-27)\n  - Calcium: 9.0 mg/dL (date: 2019-06-27)\n  - Sodium: 139.6 mmol/L (date: 2019-06-27)\n  - Potassium: 4.6 mmol/L (date: 2019-06-27)\n  - Chloride: 101.9 mmol/L (date: 2019-06-27)\n  - Carbon Dioxide: 21.1 mmol/L (date: 2019-06-27)\n  - Total Cholesterol: 191.0 mg/dL (date: 2016-09-08)\n  - Triglycerides: 130.8 mg/dL (date: 2016-09-08)\n  - Low Density Lipoprotein Cholesterol: 88.5 mg/dL (date: 2016-09-08)\n  - High Density Lipoprotein Cholesterol: 76.4 mg/dL (date: 2016-09-08)\n  - Tobacco smoking status NHIS: Former smoker nan (date: 2019-06-27)\n  - Hemoglobin A1c/Hemoglobin.total in Blood: 6.0 % (date: 2019-06-27)\n  - Leukocytes [#/volume] in Blood by Automated count: 7.2 10*3/uL (date: 2019-06-27)\n  - Erythrocytes [#/volume] in Blood by Automated count: 5.1 10*6/uL (date: 2019-06-27)\n  - Hemoglobin [Mass/volume] in Blood: 14.3 g/dL (date: 2019-06-27)\nMEDICATIONS (8):\n  - Errin 28 Day Pack (from: 2011-06-02, to: 2012-05-27)\n  - Naproxen sodium 220 MG Oral Tablet (from: 2013-03-15, to: 2013-04-05)\n  - Amoxicillin 250 MG / Clavulanate 125 MG Oral Tablet (from: 2014-03-11, to: 2014-03-18)\n  - Mirena 52 MG Intrauterine System (from: 2014-05-17, to: 2015-05-17)\n  - Jolivette 28 Day Pack (from: 2018-05-13, to: 2019-05-08)\n  - Etonogestrel 68 MG Drug Implant (from: 2019-05-08, to: ongoing)'}",0.022,False
AGG_V2_005,aggregate,What was the average number of observations per wave for patient 0042862c?,105.5 observations per wave (total 211 across 2 waves),"{'answer': 'Not found in records.', 'patient_id': '0042862c', 'waves': [], 'category': 'aggregate', 'context': 'PATIENT RECORD\nPatient ID : 0042862c\nName       : Dewitt635 Feest103\nGender     : M  |  Race: white\nBirthdate  : 2009-11-26  |  Location: Boston, Massachusetts\n\n=== FULL HISTORY (all waves) ===\nCONDITIONS (4):\n  - Acute viral pharyngitis (disorder) (onset: 2010-11-23)\n  - Otitis media (onset: 2012-04-14)\n  - Acute bronchitis (disorder) (onset: 2012-04-16)\nOBSERVATIONS (211):\n  - Body Height: 126.7 cm (date: 2019-12-05)\n  - Pain severity - 0-10 verbal numeric rating [Score] - Reported: 3.0 {score} (date: 2019-12-05)\n  - Body Weight: 25.6 kg (date: 2019-12-05)\n  - Weight-for-length Per age and sex: 6.9 % (date: 2013-10-31)\n  - Head Occipital-frontal circumference: 46.4 cm (date: 2013-10-31)\n  - Diastolic Blood Pressure: 73.0 mm[Hg] (date: 2019-12-05)\n  - Systolic Blood Pressure: 115.0 mm[Hg] (date: 2019-12-05)\n  - Heart rate: 97.0 /min (date: 2019-12-05)\n  - Respiratory rate: 13.0 /min (date: 2019-12-05)\n  - Tobacco smoking status NHIS: Never smoker nan (date: 2019-12-05)\n  - Body temperature: 37.6 Cel (date: 2011-03-06)\n  - Body Mass Index: 15.9 kg/m2 (date: 2019-12-05)\n  - Body mass index (BMI) [Percentile] Per age and gender: 34.8 % (date: 2019-12-05)\n  - Leukocytes [#/volume] in Blood by Automated count: 7.7 10*3/uL (date: 2015-11-12)\n  - Erythrocytes [#/volume] in Blood by Automated count: 4.4 10*6/uL (date: 2015-11-12)\n  - Hemoglobin [Mass/volume] in Blood: 16.5 g/dL (date: 2015-11-12)\n  - Hematocrit [Volume Fraction] of Blood by Automated count: 35.1 % (date: 2015-11-12)\n  - MCV [Entitic volume] by Automated count: 92.8 fL (date: 2015-11-12)\n  - MCH [Entitic mass] by Automated count: 28.0 pg (date: 2015-11-12)\n  - MCHC [Mass/volume] by Automated count: 33.6 g/dL (date: 2015-11-12)\n  - Erythrocyte distribution width [Entitic volume] by Automated count: 39.8 fL (date: 2015-11-12)\n  - Platelets [#/volume] in Blood by Automated count: 179.8 10*3/uL (date: 2015-11-12)\n  - Platelet distribution width [Entitic volume] in Blood by Automated count: 401.0 fL (date: 2015-11-12)\n  - Platelet mean volume [Entitic volume] in Blood by Automated count: 10.8 fL (date: 2015-11-12)\n  - QALY: 9.0 a (date: 2019-11-26)\nMEDICATIONS (3):\n  - Amoxicillin 250 MG Oral Capsule (from: 2012-04-14, to: 2012-04-28)\n  - Acetaminophen 160 MG Chewable Tablet (from: 2012-04-14, to: 2012-04-28)\n  - Acetaminophen 325 MG Oral Tablet (from: 2012-04-16, to: 2012-04-30)'}",0.036,False
AGG_V2_006,aggregate,How many of patient 0288abb6's medications had a recorded stop date (were time-limited)?,156 time-limited out of 160 total,"{'answer': '3 medications had a recorded stop date: 120 ACTUAT Fluticasone propionate 0.044 MG/ACTUAT Metered Dose Inhaler (to: 1990-10-17); NDA020503 200 ACTUAT Albuterol 0.09 MG/ACTUAT Metered Dose Inhaler (to: 1990-10-17); Naproxen sodium 220 MG Oral Tablet (to: 2017-08-19).', 'patient_id': '0288abb6', 'waves': [], 'category': 'aggregate', 'context': 'PATIENT RECORD\nPatient ID : 0288abb6\nName       : Keva141 Shanahan202\nGender     : F  |  Race: white\nBirthdate  : 1950-11-28  |  Location: Williamstown, Massachusetts\n\n=== FULL HISTORY (all waves) ===\nCONDITIONS (8):\n  - Acute viral pharyngitis (disorder) (onset: 2011-02-12)\n  - Concussion with loss of consciousness (onset: 2011-11-27)\n  - Idiopathic atrophic hypothyroidism (onset: 2015-11-19)\n  - Laceration of forearm (onset: 2017-07-29)\n  - Acute bacterial sinusitis (disorder) (onset: 2019-03-05)\n  - Chronic sinusitis (disorder) (onset: 2019-05-01)\n  - Whiplash injury to neck (onset: 2019-05-11)\nOBSERVATIONS (176):\n  - Body Height: 164.3 cm (date: 2019-11-06)\n  - Pain severity - 0-10 verbal numeric rating [Score] - Reported: 3.0 {score} (date: 2019-11-06)\n  - Body Weight: 73.4 kg (date: 2019-11-06)\n  - Body Mass Index: 27.2 kg/m2 (date: 2019-11-06)\n  - Diastolic Blood Pressure: 77.0 mm[Hg] (date: 2019-11-06)\n  - Systolic Blood Pressure: 116.0 mm[Hg] (date: 2019-11-06)\n  - Heart rate: 75.0 /min (date: 2019-11-06)\n  - Respiratory rate: 16.0 /min (date: 2019-11-06)\n  - Tobacco smoking status NHIS: Former smoker nan (date: 2019-11-06)\n  - Body temperature: 37.9 Cel (date: 2016-05-29)\n  - Total Cholesterol: 182.2 mg/dL (date: 2017-10-25)\n  - Triglycerides: 101.2 mg/dL (date: 2017-10-25)\n  - Low Density Lipoprotein Cholesterol: 102.7 mg/dL (date: 2017-10-25)\n  - High Density Lipoprotein Cholesterol: 59.2 mg/dL (date: 2017-10-25)\n  - Leukocytes [#/volume] in Blood by Automated count: 5.1 10*3/uL (date: 2017-10-25)\n  - Erythrocytes [#/volume] in Blood by Automated count: 5.3 10*6/uL (date: 2017-10-25)\n  - Hemoglobin [Mass/volume] in Blood: 16.6 g/dL (date: 2017-10-25)\n  - Hematocrit [Volume Fraction] of Blood by Automated count: 42.0 % (date: 2017-10-25)\n  - MCV [Entitic volume] by Automated count: 83.0 fL (date: 2017-10-25)\n  - MCH [Entitic mass] by Automated count: 27.5 pg (date: 2017-10-25)\n  - MCHC [Mass/volume] by Automated count: 35.5 g/dL (date: 2017-10-25)\n  - Erythrocyte distribution width [Entitic volume] by Automated count: 45.9 fL (date: 2017-10-25)\n  - Platelets [#/volume] in Blood by Automated count: 435.5 10*3/uL (date: 2017-10-25)\n  - Platelet distribution width [Entitic volume] in Blood by Automated count: 411.0 fL (date: 2017-10-25)\n  - Platelet mean volume [Entitic volume] in Blood by Automated count: 12.1 fL (date: 2017-10-25)\nMEDICATIONS (75):\n  - 120 ACTUAT Fluticasone propionate 0.044 MG/ACTUAT Metered Dose Inhaler (from: 1990-05-23, to: 1990-10-17)\n  - NDA020503 200 ACTUAT Albuterol 0.09 MG/ACTUAT Metered Dose Inhaler (from: 1990-05-23, to: 1990-10-17)\n  - Levothyroxine Sodium 0.075 MG Oral Tablet (from: 2015-11-20, to: ongoing)\n  - Naproxen sodium 220 MG Oral Tablet (from: 2017-07-29, to: 2017-08-19)'}",0.015,False
AGG_V2_007,aggregate,How many years does patient 6abdc54d's health record span from first to last recorded event?,96 years (1924 to 2020),"{'answer': '29 years.', 'patient_id': '6abdc54d', 'waves': [], 'category': 'aggregate', 'context': 'PATIENT RECORD\nPatient ID : 6abdc54d\nName       : Enedina292 Macejkovic424\nGender     : F  |  Race: white\nBirthdate  : 1915-10-24  |  Location: Quincy, Massachusetts\n\n=== FULL HISTORY (all waves) ===\nCONDITIONS (7):\n  - Atrial Fibrillation (onset: 1999-12-26)\n  - Stroke (onset: 2004-06-27)\n  - Acute viral pharyngitis (disorder) (onset: 2012-07-13)\n  - Viral sinusitis (disorder) (onset: 2017-02-03)\n  - Acute bronchitis (disorder) (onset: 2018-12-02)\n  - Sinusitis (disorder) (onset: 2020-01-21)\nOBSERVATIONS (164):\n  - Body Height: 168.5 cm (date: 2020-04-19)\n  - Pain severity - 0-10 verbal numeric rating [Score] - Reported: 1.0 {score} (date: 2020-04-19)\n  - Body Weight: 78.3 kg (date: 2020-04-19)\n  - Body Mass Index: 27.6 kg/m2 (date: 2020-04-19)\n  - Diastolic Blood Pressure: 85.0 mm[Hg] (date: 2020-04-19)\n  - Systolic Blood Pressure: 118.0 mm[Hg] (date: 2020-04-19)\n  - Heart rate: 81.0 /min (date: 2020-04-19)\n  - Respiratory rate: 15.0 /min (date: 2020-04-19)\n  - Tobacco smoking status NHIS: Never smoker nan (date: 2020-04-19)\n  - Body temperature: 37.4 Cel (date: 2012-07-13)\n  - Total Cholesterol: 194.6 mg/dL (date: 2019-04-14)\n  - Triglycerides: 102.2 mg/dL (date: 2019-04-14)\n  - Low Density Lipoprotein Cholesterol: 96.3 mg/dL (date: 2019-04-14)\n  - High Density Lipoprotein Cholesterol: 77.8 mg/dL (date: 2019-04-14)\n  - Leukocytes [#/volume] in Blood by Automated count: 9.8 10*3/uL (date: 2018-04-08)\n  - Erythrocytes [#/volume] in Blood by Automated count: 5.1 10*6/uL (date: 2018-04-08)\n  - Hemoglobin [Mass/volume] in Blood: 15.6 g/dL (date: 2018-04-08)\n  - Hematocrit [Volume Fraction] of Blood by Automated count: 42.1 % (date: 2018-04-08)\n  - MCV [Entitic volume] by Automated count: 90.5 fL (date: 2018-04-08)\n  - MCH [Entitic mass] by Automated count: 30.9 pg (date: 2018-04-08)\n  - MCHC [Mass/volume] by Automated count: 33.7 g/dL (date: 2018-04-08)\n  - Erythrocyte distribution width [Entitic volume] by Automated count: 43.3 fL (date: 2018-04-08)\n  - Platelets [#/volume] in Blood by Automated count: 372.8 10*3/uL (date: 2018-04-08)\n  - Platelet distribution width [Entitic volume] in Blood by Automated count: 397.9 fL (date: 2018-04-08)\n  - Platelet mean volume [Entitic volume] in Blood by Automated count: 9.9 fL (date: 2018-04-08)\nMEDICATIONS (111):\n  - Hydrochlorothiazide 12.5 MG (from: 1990-11-04, to: 1991-11-10)\n  - Warfarin Sodium 5 MG Oral Tablet (from: 1999-12-26, to: 1999-12-26)\n  - Verapamil Hydrochloride 40 MG (from: 1999-12-26, to: 1999-12-26)\n  - Digoxin 0.125 MG Oral Tablet (from: 1999-12-26, to: 1999-12-26)\n  - Acetaminophen 325 MG Oral Tablet (from: 2018-12-02, to: 2018-12-09)\n  - Clopidogrel 75 MG Oral Tablet (from: 2019-03-31, to: 2019-03-31)\n  - Alteplase 100 MG Injection (from: 2019-03-31, to: 2019-03-31)'}",0.014,False
AGG_V2_008,aggregate,In how many waves was patient 010d4a3a's average BMI in the overweight range (25-30 kg/m2)?,1 waves (Wave 6),"{'answer': 'Not found in records.', 'patient_id': '010d4a3a', 'waves': [], 'category': 'aggregate', 'context': 'PATIENT RECORD\nPatient ID : 010d4a3a\nName       : Patrick786 Hettinger594\nGender     : M  |  Race: white\nBirthdate  : 1998-05-31  |  Location: Pittsfield, Massachusetts\n\n=== FULL HISTORY (all waves) ===\nCONDITIONS (3):\n  - Acute viral pharyngitis (disorder) (onset: 2014-04-21)\n  - Hypertension (onset: 2016-07-24)\nOBSERVATIONS (154):\n  - Body Height: 170.8 cm (date: 2019-08-11)\n  - Pain severity - 0-10 verbal numeric rating [Score] - Reported: 1.0 {score} (date: 2019-08-11)\n  - Body Weight: 87.0 kg (date: 2019-08-11)\n  - Body Mass Index: 29.8 kg/m2 (date: 2019-08-11)\n  - Body mass index (BMI) [Percentile] Per age and gender: 92.5 % (date: 2017-07-30)\n  - Diastolic Blood Pressure: 81.0 mm[Hg] (date: 2019-08-11)\n  - Systolic Blood Pressure: 118.0 mm[Hg] (date: 2019-08-11)\n  - Heart rate: 93.0 /min (date: 2019-08-11)\n  - Respiratory rate: 15.0 /min (date: 2019-08-11)\n  - Tobacco smoking status NHIS: Never smoker nan (date: 2019-08-11)\n  - Body temperature: 37.4 Cel (date: 2019-03-08)\n  - Leukocytes [#/volume] in Blood by Automated count: 9.3 10*3/uL (date: 2019-08-11)\n  - Erythrocytes [#/volume] in Blood by Automated count: 4.6 10*6/uL (date: 2019-08-11)\n  - Hemoglobin [Mass/volume] in Blood: 17.3 g/dL (date: 2019-08-11)\n  - Hematocrit [Volume Fraction] of Blood by Automated count: 42.2 % (date: 2019-08-11)\n  - MCV [Entitic volume] by Automated count: 86.7 fL (date: 2019-08-11)\n  - MCH [Entitic mass] by Automated count: 27.4 pg (date: 2019-08-11)\n  - MCHC [Mass/volume] by Automated count: 33.4 g/dL (date: 2019-08-11)\n  - Erythrocyte distribution width [Entitic volume] by Automated count: 41.3 fL (date: 2019-08-11)\n  - Platelets [#/volume] in Blood by Automated count: 310.5 10*3/uL (date: 2019-08-11)\n  - Platelet distribution width [Entitic volume] in Blood by Automated count: 414.9 fL (date: 2019-08-11)\n  - Platelet mean volume [Entitic volume] in Blood by Automated count: 10.2 fL (date: 2019-08-11)\n  - QALY: 20.0 a (date: 2019-05-31)\n  - DALY: 0.0 a (date: 2019-05-31)\n  - QOLS: 1.0 {score} (date: 2019-05-31)\nMEDICATIONS (4):\n  - Hydrochlorothiazide 25 MG Oral Tablet (from: 2016-07-24, to: 2017-07-30)'}",0.011,False
AGG_V2_009,aggregate,"On average, how many new conditions was patient 0325261f diagnosed with per wave?",4.8 new conditions per wave (19 unique across 4 waves),"{'answer': '7 conditions / 3 waves (1991-1996-2001-2004-2007) = 7 conditions / 5 time periods, 1.4 conditions per time period, assuming each time period is a wave, 1.4 conditions/wave.', 'patient_id': '0325261f', 'waves': [], 'category': 'aggregate', 'context': 'PATIENT RECORD\nPatient ID : 0325261f\nName       : Guillermina633 Menéndez746\nGender     : F  |  Race: asian\nBirthdate  : 1922-02-14  |  Location: Cambridge, Massachusetts\n\n=== FULL HISTORY (all waves) ===\nCONDITIONS (7):\n  - Diabetic retinopathy associated with type II diabetes mellitus (disorder) (onset: 1991-07-16)\n  - Coronary Heart Disease (onset: 1994-08-02)\n  - Nonproliferative diabetic retinopathy due to type 2 diabetes mellitus (disorder) (onset: 1996-08-13)\n  - Chronic kidney disease stage 1 (disorder) (onset: 2001-07-24)\n  - Diabetic renal disease (disorder) (onset: 2001-07-24)\n  - Viral sinusitis (disorder) (onset: 2004-11-06)\n  - Chronic congestive heart failure (disorder) (onset: 2007-02-12)\nOBSERVATIONS (1035):\n  - Glucose: 93.2 mg/dL (date: 2007-09-01)\n  - Urea Nitrogen: 10.6 mg/dL (date: 2007-09-01)\n  - Creatinine: 0.9 mg/dL (date: 2007-09-01)\n  - Calcium: 9.1 mg/dL (date: 2007-09-01)\n  - Sodium: 141.0 mmol/L (date: 2007-09-01)\n  - Potassium: 4.3 mmol/L (date: 2007-09-01)\n  - Chloride: 104.6 mmol/L (date: 2007-09-01)\n  - Carbon Dioxide: 25.4 mmol/L (date: 2007-09-01)\n  - Glomerular filtration rate/1.73 sq M.predicted: 7.7 mL/min (date: 2007-09-01)\n  - Protein [Mass/volume] in Serum or Plasma: 78.7 g/dL (date: 2007-09-01)\n  - Albumin [Mass/volume] in Serum or Plasma: 5.2 g/dL (date: 2007-09-01)\n  - Globulin [Mass/volume] in Serum by calculation: 3.3 g/L (date: 2007-09-01)\n  - Bilirubin.total [Mass/volume] in Serum or Plasma: 0.3 mg/dL (date: 2007-09-01)\n  - Alkaline phosphatase [Enzymatic activity/volume] in Serum or Plasma: 107.8 U/L (date: 2007-09-01)\n  - Alanine aminotransferase [Enzymatic activity/volume] in Serum or Plasma: 50.6 U/L (date: 2007-09-01)\n  - Aspartate aminotransferase [Enzymatic activity/volume] in Serum or Plasma: 20.8 U/L (date: 2007-09-01)\n  - Total Cholesterol: 182.5 mg/dL (date: 2007-06-26)\n  - Triglycerides: 143.3 mg/dL (date: 2007-06-26)\n  - Low Density Lipoprotein Cholesterol: 93.6 mg/dL (date: 2007-06-26)\n  - High Density Lipoprotein Cholesterol: 60.3 mg/dL (date: 2007-06-26)\n  - FEV1/FVC: 22.4 % (date: 2007-06-26)\n  - Body Height: 166.2 cm (date: 2007-06-26)\n  - Pain severity - 0-10 verbal numeric rating [Score] - Reported: 2.0 {score} (date: 2007-06-26)\n  - Body Weight: 83.9 kg (date: 2007-06-26)\n  - Body Mass Index: 30.4 kg/m2 (date: 2007-06-26)\nMEDICATIONS (290):\n  - Simvastatin 10 MG Oral Tablet (from: 1990-04-26, to: 1991-04-26)\n  - Atenolol 50 MG / Chlorthalidone 25 MG Oral Tablet (from: 1990-07-10, to: 1991-07-16)\n  - 24 HR Metformin hydrochloride 500 MG Extended Release Oral Tablet (from: 1990-07-10, to: 1991-07-16)\n  - 60 ACTUAT Fluticasone propionate 0.25 MG/ACTUAT / salmeterol 0.05 MG/ACTUAT Dry Powder Inhaler (from: 1990-07-10, to: 1991-07-16)\n  - Simvastatin 20 MG Oral Tablet (from: 1994-08-02, to: 1994-08-02)\n  - Amlodipine 5 MG Oral Tablet (from: 1994-08-02, to: 1994-08-02)\n  - Nitroglycerin 0.4 MG/ACTUAT Mucosal Spray (from: 1994-08-02, to: 1994-08-02)\n  - Clopidogrel 75 MG Oral Tablet (from: 1997-08-19, to: 1997-08-19)\n  - insulin human  isophane 70 UNT/ML / Regular Insulin  Human 30 UNT/ML Injectable Suspension [Humulin] (from: 2001-09-11, to: 2002-02-19)\n  - 24 HR metoprolol succinate 100 MG Extended Release Oral Tablet [Toprol] (from: 2007-03-05, to: ongoing)\n  - Furosemide 40 MG Oral Tablet (from: 2007-03-05, to: ongoing)\n  - 10 ML Furosemide 10 MG/ML Injection (from: 2007-09-01, to: ongoing)'}",0.023,False
AGG_V2_010,aggregate,In which wave did patient 02f9aadd have the most total health events (conditions + observations + medications combined)?,Wave 3 (345 total events),"{'answer': 'Not found in records.', 'patient_id': '02f9aadd', 'waves': [], 'category': 'aggregate', 'context': 'PATIENT RECORD\nPatient ID : 02f9aadd\nName       : Keenan632 Wolf938\nGender     : M  |  Race: native\nBirthdate  : 1942-05-23  |  Location: Chatham, Massachusetts\n\n=== FULL HISTORY (all waves) ===\nCONDITIONS (9):\n  - Chronic pain (onset: 1990-02-05)\n  - Impacted molars (onset: 1990-06-26)\n  - Chronic intractable migraine without aura (onset: 1990-10-11)\n  - Drug overdose (onset: 2000-06-04)\n  - Polyp of colon (onset: 2002-05-21)\n  - Diabetic retinopathy associated with type II diabetes mellitus (disorder) (onset: 2003-09-20)\n  - Recurrent rectal polyp (onset: 2003-10-13)\n  - Malignant tumor of colon (onset: 2003-10-19)\n  - Viral sinusitis (disorder) (onset: 2003-11-09)\nOBSERVATIONS (463):\n  - Body Height: 170.8 cm (date: 2005-10-01)\n  - Pain severity - 0-10 verbal numeric rating [Score] - Reported: 1.0 {score} (date: 2005-10-01)\n  - Body Weight: 81.5 kg (date: 2005-10-01)\n  - Body Mass Index: 27.9 kg/m2 (date: 2005-10-01)\n  - Diastolic Blood Pressure: 87.0 mm[Hg] (date: 2005-10-01)\n  - Systolic Blood Pressure: 119.0 mm[Hg] (date: 2005-10-01)\n  - Heart rate: 96.0 /min (date: 2005-10-01)\n  - Respiratory rate: 15.0 /min (date: 2005-10-01)\n  - Glucose: 118.0 mg/dL (date: 2005-10-01)\n  - Urea Nitrogen: 9.1 mg/dL (date: 2005-10-01)\n  - Creatinine: 1.0 mg/dL (date: 2005-10-01)\n  - Calcium: 8.8 mg/dL (date: 2005-10-01)\n  - Sodium: 139.5 mmol/L (date: 2005-10-01)\n  - Potassium: 4.8 mmol/L (date: 2005-10-01)\n  - Chloride: 110.1 mmol/L (date: 2005-10-01)\n  - Carbon Dioxide: 21.7 mmol/L (date: 2005-10-01)\n  - Total Cholesterol: 234.9 mg/dL (date: 2005-10-01)\n  - Triglycerides: 172.9 mg/dL (date: 2005-10-01)\n  - Low Density Lipoprotein Cholesterol: 145.6 mg/dL (date: 2005-10-01)\n  - High Density Lipoprotein Cholesterol: 54.7 mg/dL (date: 2005-10-01)\n  - Microalbumin Creatinine Ratio: 3.9 mg/g (date: 2005-10-01)\n  - Estimated Glomerular Filtration Rate: 85.5 mL/min/{1.73_m2} (date: 2005-10-01)\n  - Tobacco smoking status NHIS: Former smoker nan (date: 2005-10-01)\n  - Hemoglobin A1c/Hemoglobin.total in Blood: 7.0 % (date: 2005-10-01)\n  - Leukocytes [#/volume] in Blood by Automated count: 1.5 10*3/uL (date: 2004-04-21)\nMEDICATIONS (22):\n  - Atenolol 50 MG / Chlorthalidone 25 MG Oral Tablet (from: 1990-07-07, to: 1991-07-13)\n  - Amoxicillin 250 MG / Clavulanate 125 MG Oral Tablet (from: 2003-11-09, to: 2003-11-16)\n  - Leucovorin 100 MG Injection (from: 2003-11-14, to: ongoing)\n  - 10 ML oxaliplatin 5 MG/ML Injection (from: 2003-11-14, to: ongoing)'}",0.016,False
AGG_V2_011,aggregate,How many total blood pressure readings (systolic or diastolic) were recorded for patient 01207ecd across all waves?,12 blood pressure readings,"{'answer': '2 readings (1 systolic: 136.0 mm[Hg], 1 diastolic: 77.0 mm[Hg]).', 'patient_id': '01207ecd', 'waves': [], 'category': 'aggregate', 'context': 'PATIENT RECORD\nPatient ID : 01207ecd\nName       : Karyn217 Mueller846\nGender     : F  |  Race: white\nBirthdate  : 2019-05-15  |  Location: Colrain, Massachusetts\n\n=== FULL HISTORY (all waves) ===\nCONDITIONS (0):\n  None recorded\nOBSERVATIONS (74):\n  - Body Height: 70.9 cm (date: 2020-04-22)\n  - Pain severity - 0-10 verbal numeric rating [Score] - Reported: 1.0 {score} (date: 2020-04-22)\n  - Body Weight: 9.4 kg (date: 2020-04-22)\n  - Weight-for-length Per age and sex: 82.3 % (date: 2020-04-22)\n  - Head Occipital-frontal circumference: 43.9 cm (date: 2020-04-22)\n  - Diastolic Blood Pressure: 77.0 mm[Hg] (date: 2020-04-22)\n  - Systolic Blood Pressure: 136.0 mm[Hg] (date: 2020-04-22)\n  - Heart rate: 98.0 /min (date: 2020-04-22)\n  - Respiratory rate: 14.0 /min (date: 2020-04-22)\n  - Leukocytes [#/volume] in Blood by Automated count: 6.0 10*3/uL (date: 2019-05-15)\n  - Erythrocytes [#/volume] in Blood by Automated count: 4.1 10*6/uL (date: 2019-05-15)\n  - Hemoglobin [Mass/volume] in Blood: 15.5 g/dL (date: 2019-05-15)\n  - Hematocrit [Volume Fraction] of Blood by Automated count: 40.2 % (date: 2019-05-15)\n  - MCV [Entitic volume] by Automated count: 80.8 fL (date: 2019-05-15)\n  - MCH [Entitic mass] by Automated count: 29.8 pg (date: 2019-05-15)\n  - MCHC [Mass/volume] by Automated count: 33.2 g/dL (date: 2019-05-15)\n  - Erythrocyte distribution width [Entitic volume] by Automated count: 40.9 fL (date: 2019-05-15)\n  - Platelets [#/volume] in Blood by Automated count: 273.4 10*3/uL (date: 2019-05-15)\n  - Platelet distribution width [Entitic volume] in Blood by Automated count: 377.9 fL (date: 2019-05-15)\n  - Platelet mean volume [Entitic volume] in Blood by Automated count: 10.4 fL (date: 2019-05-15)\n  - Tobacco smoking status NHIS: Never smoker nan (date: 2020-04-22)\n  - QALY: 0.0 a (date: 2019-05-15)\n  - DALY: 0.0 a (date: 2019-05-15)\n  - QOLS: 1.0 {score} (date: 2019-05-15)\nMEDICATIONS (0):\n  None recorded'}",0.024,False
AGG_V2_012,aggregate,What was the first condition ever diagnosed for patient 01e1f394 and in which wave?,"Prediabetes (Wave 3, 2004-10-01)","{'answer': 'Prediabetes; onset: 2004-10-01.', 'patient_id': '01e1f394', 'waves': [], 'category': 'lookup', 'context': 'PATIENT RECORD\nPatient ID : 01e1f394\nName       : Ardis509 Littel644\nGender     : F  |  Race: white\nBirthdate  : 1967-07-14  |  Location: Lynn, Massachusetts\n\n=== FULL HISTORY (all waves) ===\nCONDITIONS (7):\n  - Prediabetes (onset: 2004-10-01)\n  - Normal pregnancy (onset: 2010-03-19)\n  - Streptococcal sore throat (disorder) (onset: 2010-06-26)\n  - Antepartum eclampsia (onset: 2010-10-01)\n  - Second degree burn (onset: 2011-04-13)\n  - Stroke (onset: 2013-07-19)\nOBSERVATIONS (169):\n  - Body temperature: 37.4 Cel (date: 2010-06-26)\n  - Body Height: 173.4 cm (date: 2019-07-26)\n  - Pain severity - 0-10 verbal numeric rating [Score] - Reported: 3.0 {score} (date: 2019-07-26)\n  - Body Weight: 90.8 kg (date: 2019-07-26)\n  - Body Mass Index: 30.2 kg/m2 (date: 2019-07-26)\n  - Diastolic Blood Pressure: 80.0 mm[Hg] (date: 2019-07-26)\n  - Systolic Blood Pressure: 134.0 mm[Hg] (date: 2019-07-26)\n  - Heart rate: 63.0 /min (date: 2019-07-26)\n  - Respiratory rate: 13.0 /min (date: 2019-07-26)\n  - Glucose: 69.9 mg/dL (date: 2019-07-26)\n  - Urea Nitrogen: 19.0 mg/dL (date: 2019-07-26)\n  - Creatinine: 0.9 mg/dL (date: 2019-07-26)\n  - Calcium: 9.4 mg/dL (date: 2019-07-26)\n  - Sodium: 141.3 mmol/L (date: 2019-07-26)\n  - Potassium: 3.7 mmol/L (date: 2019-07-26)\n  - Chloride: 108.3 mmol/L (date: 2019-07-26)\n  - Carbon Dioxide: 23.2 mmol/L (date: 2019-07-26)\n  - Tobacco smoking status NHIS: Former smoker nan (date: 2019-07-26)\n  - Hemoglobin A1c/Hemoglobin.total in Blood: 6.0 % (date: 2019-07-26)\n  - Total Cholesterol: 178.6 mg/dL (date: 2017-07-14)\n  - Triglycerides: 127.8 mg/dL (date: 2017-07-14)\n  - Low Density Lipoprotein Cholesterol: 81.1 mg/dL (date: 2017-07-14)\n  - High Density Lipoprotein Cholesterol: 72.0 mg/dL (date: 2017-07-14)\n  - Leukocytes [#/volume] in Blood by Automated count: 7.7 10*3/uL (date: 2019-07-26)\n  - Erythrocytes [#/volume] in Blood by Automated count: 4.4 10*6/uL (date: 2019-07-26)\nMEDICATIONS (11):\n  - Penicillin V Potassium 500 MG Oral Tablet (from: 2010-06-26, to: 2010-07-04)\n  - Yaz 28 Day Pack (from: 2010-11-26, to: 2011-11-21)\n  - Amoxicillin 500 MG Oral Tablet (from: 2011-04-13, to: 2011-05-04)\n  - Acetaminophen 325 MG / oxyCODONE Hydrochloride 5 MG Oral Tablet (from: 2011-04-13, to: 2011-06-12)\n  - Ibuprofen 200 MG Oral Tablet (from: 2011-04-13, to: 2011-05-04)\n  - Etonogestrel 68 MG Drug Implant (from: 2011-11-21, to: 2012-11-15)\n  - Clopidogrel 75 MG Oral Tablet (from: 2013-07-19, to: 2013-07-19)\n  - Alteplase 100 MG Injection (from: 2013-07-19, to: 2013-07-19)\n  - Camila 28 Day Pack (from: 2014-02-07, to: 2015-02-02)\n  - Liletta 52 MG Intrauterine System (from: 2017-01-22, to: 2018-01-22)'}",0.018,False
AGG_V2_013,aggregate,Were there any waves where patient 03612a7e had active conditions but NO medications prescribed?,"Yes — Wave 1 (3 conditions, 0 medications); Wave 3 (1 conditions, 0 medications)","{'answer': 'Not found in records.', 'patient_id': '03612a7e', 'waves': [], 'category': 'lookup', 'context': 'PATIENT RECORD\nPatient ID : 03612a7e\nName       : Cristobal567 Marquardt819\nGender     : M  |  Race: white\nBirthdate  : 1947-03-12  |  Location: Winchester, Massachusetts\n\n=== FULL HISTORY (all waves) ===\nCONDITIONS (7):\n  - Acute viral pharyngitis (disorder) (onset: 2004-10-12)\n  - Viral sinusitis (disorder) (onset: 2006-02-14)\n  - Sprain of wrist (onset: 2006-10-10)\n  - Streptococcal sore throat (disorder) (onset: 2007-11-08)\n  - Chronic congestive heart failure (disorder) (onset: 2011-03-15)\n  - Sprain of ankle (onset: 2013-12-30)\nOBSERVATIONS (191):\n  - Body temperature: 37.8 Cel (date: 2008-06-15)\n  - Body Height: 186.8 cm (date: 2014-06-18)\n  - Pain severity - 0-10 verbal numeric rating [Score] - Reported: 2.0 {score} (date: 2014-06-18)\n  - Body Weight: 97.1 kg (date: 2014-06-18)\n  - Body Mass Index: 27.8 kg/m2 (date: 2014-06-18)\n  - Diastolic Blood Pressure: 81.0 mm[Hg] (date: 2014-06-18)\n  - Systolic Blood Pressure: 124.0 mm[Hg] (date: 2014-06-18)\n  - Heart rate: 73.0 /min (date: 2014-06-18)\n  - Respiratory rate: 12.0 /min (date: 2014-06-18)\n  - Tobacco smoking status NHIS: Former smoker nan (date: 2014-06-18)\n  - Total Cholesterol: 167.3 mg/dL (date: 2012-06-06)\n  - Triglycerides: 124.7 mg/dL (date: 2012-06-06)\n  - Low Density Lipoprotein Cholesterol: 75.8 mg/dL (date: 2012-06-06)\n  - High Density Lipoprotein Cholesterol: 66.5 mg/dL (date: 2012-06-06)\n  - Leukocytes [#/volume] in Blood by Automated count: 8.0 10*3/uL (date: 2014-06-18)\n  - Erythrocytes [#/volume] in Blood by Automated count: 4.7 10*6/uL (date: 2014-06-18)\n  - Hemoglobin [Mass/volume] in Blood: 17.0 g/dL (date: 2014-06-18)\n  - Hematocrit [Volume Fraction] of Blood by Automated count: 44.9 % (date: 2014-06-18)\n  - MCV [Entitic volume] by Automated count: 83.5 fL (date: 2014-06-18)\n  - MCH [Entitic mass] by Automated count: 27.7 pg (date: 2014-06-18)\n  - MCHC [Mass/volume] by Automated count: 33.4 g/dL (date: 2014-06-18)\n  - Erythrocyte distribution width [Entitic volume] by Automated count: 43.0 fL (date: 2014-06-18)\n  - Platelets [#/volume] in Blood by Automated count: 312.1 10*3/uL (date: 2014-06-18)\n  - Platelet distribution width [Entitic volume] in Blood by Automated count: 402.2 fL (date: 2014-06-18)\n  - Platelet mean volume [Entitic volume] in Blood by Automated count: 10.4 fL (date: 2014-06-18)\nMEDICATIONS (6):\n  - Naproxen sodium 220 MG Oral Tablet (from: 2006-10-10, to: 2006-11-07)\n  - Penicillin V Potassium 500 MG Oral Tablet (from: 2007-11-08, to: 2007-11-15)\n  - 24 HR metoprolol succinate 100 MG Extended Release Oral Tablet [Toprol] (from: 2011-04-05, to: ongoing)\n  - Furosemide 40 MG Oral Tablet (from: 2011-04-05, to: ongoing)\n  - Acetaminophen 325 MG Oral Tablet (from: 2013-12-30, to: 2014-02-03)\n  - 10 ML Furosemide 10 MG/ML Injection (from: 2014-09-16, to: ongoing)'}",0.032,False
AGG_V2_014,aggregate,Did patient 04a29a39's recorded height remain stable across all waves they appear in?,Yes — 180.2 cm across all 3 waves,"{'answer': 'Only one recorded height is found: 180.2 cm (date: 2020-01-26).', 'patient_id': '04a29a39', 'waves': [], 'category': 'lookup', 'context': ""PATIENT RECORD\nPatient ID : 04a29a39\nName       : Jerrell6 D'Amore443\nGender     : M  |  Race: white\nBirthdate  : 1951-10-14  |  Location: Weymouth, Massachusetts\n\n=== FULL HISTORY (all waves) ===\nCONDITIONS (5):\n  - Osteoarthritis of knee (onset: 2003-10-01)\n  - Viral sinusitis (disorder) (onset: 2011-01-05)\n  - Acute viral pharyngitis (disorder) (onset: 2017-08-07)\n  - Fracture of ankle (onset: 2017-12-08)\nOBSERVATIONS (250):\n  - Body Height: 180.2 cm (date: 2020-01-26)\n  - Pain severity - 0-10 verbal numeric rating [Score] - Reported: 3.0 {score} (date: 2020-01-26)\n  - Body Weight: 88.8 kg (date: 2020-01-26)\n  - Body Mass Index: 27.4 kg/m2 (date: 2020-01-26)\n  - Diastolic Blood Pressure: 72.0 mm[Hg] (date: 2020-01-26)\n  - Systolic Blood Pressure: 109.0 mm[Hg] (date: 2020-01-26)\n  - Heart rate: 84.0 /min (date: 2020-01-26)\n  - Respiratory rate: 13.0 /min (date: 2020-01-26)\n  - Glucose: 75.3 mg/dL (date: 2020-01-26)\n  - Urea Nitrogen: 9.7 mg/dL (date: 2020-01-26)\n  - Creatinine: 1.0 mg/dL (date: 2020-01-26)\n  - Calcium: 9.9 mg/dL (date: 2020-01-26)\n  - Sodium: 140.2 mmol/L (date: 2020-01-26)\n  - Potassium: 3.8 mmol/L (date: 2020-01-26)\n  - Chloride: 108.1 mmol/L (date: 2020-01-26)\n  - Carbon Dioxide: 26.7 mmol/L (date: 2020-01-26)\n  - Total Cholesterol: 176.9 mg/dL (date: 2020-01-26)\n  - Triglycerides: 137.3 mg/dL (date: 2020-01-26)\n  - Low Density Lipoprotein Cholesterol: 87.6 mg/dL (date: 2020-01-26)\n  - High Density Lipoprotein Cholesterol: 61.9 mg/dL (date: 2020-01-26)\n  - Tobacco smoking status NHIS: Never smoker nan (date: 2020-01-26)\n  - Hemoglobin A1c/Hemoglobin.total in Blood: 5.9 % (date: 2020-01-26)\n  - Leukocytes [#/volume] in Blood by Automated count: 9.3 10*3/uL (date: 2019-01-20)\n  - Erythrocytes [#/volume] in Blood by Automated count: 5.2 10*6/uL (date: 2019-01-20)\n  - Hemoglobin [Mass/volume] in Blood: 12.9 g/dL (date: 2019-01-20)\nMEDICATIONS (2):\n  - Naproxen sodium 220 MG Oral Tablet (from: 2003-10-01, to: ongoing)\n  - Ibuprofen 200 MG Oral Tablet (from: 2017-12-08, to: 2018-01-07)""}",0.026,False
AGG_V2_015,aggregate,How many distinct types of clinical measurements were ever recorded for patient 02ea2f1a?,24 distinct observation types,"{'answer': 'Body temperature; Body Height; Pain severity; Body Weight; Body Mass Index; Diastolic Blood Pressure; Systolic Blood Pressure; Heart rate; Respiratory rate; Leukocytes; Erythrocytes; Hemoglobin; Hematocrit; MCV; MCH; MCHC; Erythrocyte distribution width; Platelets; Platelet distribution width; Platelet mean volume; 19 distinct types.', 'patient_id': '02ea2f1a', 'waves': [], 'category': 'aggregate', 'context': 'PATIENT RECORD\nPatient ID : 02ea2f1a\nName       : Jasper743 Muller251\nGender     : M  |  Race: white\nBirthdate  : 1991-01-08  |  Location: Lynn, Massachusetts\n\n=== FULL HISTORY (all waves) ===\nCONDITIONS (4):\n  - Acute viral pharyngitis (disorder) (onset: 2012-03-16)\n  - Acute bronchitis (disorder) (onset: 2016-09-06)\n  - Otitis media (onset: 2019-04-11)\nOBSERVATIONS (84):\n  - Body temperature: 37.9 Cel (date: 2018-12-25)\n  - Body Height: 183.9 cm (date: 2019-03-19)\n  - Pain severity - 0-10 verbal numeric rating [Score] - Reported: 3.0 {score} (date: 2019-03-19)\n  - Body Weight: 98.6 kg (date: 2019-03-19)\n  - Body Mass Index: 29.2 kg/m2 (date: 2019-03-19)\n  - Diastolic Blood Pressure: 77.0 mm[Hg] (date: 2019-03-19)\n  - Systolic Blood Pressure: 104.0 mm[Hg] (date: 2019-03-19)\n  - Heart rate: 61.0 /min (date: 2019-03-19)\n  - Respiratory rate: 15.0 /min (date: 2019-03-19)\n  - Leukocytes [#/volume] in Blood by Automated count: 6.0 10*3/uL (date: 2019-03-19)\n  - Erythrocytes [#/volume] in Blood by Automated count: 4.1 10*6/uL (date: 2019-03-19)\n  - Hemoglobin [Mass/volume] in Blood: 15.1 g/dL (date: 2019-03-19)\n  - Hematocrit [Volume Fraction] of Blood by Automated count: 39.0 % (date: 2019-03-19)\n  - MCV [Entitic volume] by Automated count: 82.1 fL (date: 2019-03-19)\n  - MCH [Entitic mass] by Automated count: 29.8 pg (date: 2019-03-19)\n  - MCHC [Mass/volume] by Automated count: 35.2 g/dL (date: 2019-03-19)\n  - Erythrocyte distribution width [Entitic volume] by Automated count: 40.7 fL (date: 2019-03-19)\n  - Platelets [#/volume] in Blood by Automated count: 277.3 10*3/uL (date: 2019-03-19)\n  - Platelet distribution width [Entitic volume] in Blood by Automated count: 280.6 fL (date: 2019-03-19)\n  - Platelet mean volume [Entitic volume] in Blood by Automated count: 11.7 fL (date: 2019-03-19)\n  - Tobacco smoking status NHIS: Never smoker nan (date: 2019-03-19)\n  - QALY: 28.0 a (date: 2020-01-08)\n  - DALY: 0.0 a (date: 2020-01-08)\n  - QOLS: 1.0 {score} (date: 2020-01-08)\nMEDICATIONS (3):\n  - Acetaminophen 21.7 MG/ML / Dextromethorphan Hydrobromide 1 MG/ML / doxylamine succinate 0.417 MG/ML Oral Solution (from: 2016-09-06, to: 2016-09-13)\n  - Amoxicillin 500 MG Oral Tablet (from: 2019-04-11, to: 2019-04-25)\n  - Ibuprofen 200 MG Oral Tablet (from: 2019-04-11, to: 2019-04-25)'}",0.019,False
AGG_V2_016,aggregate,What fraction of waves patient 0447625b appears in had at least one condition diagnosed?,4 of 5 waves had condition diagnoses (80%),"{'answer': '5 conditions are listed for patient 0447625b: Body mass index 30+ - obesity; Acute bronchitis; Hyperlipidemia; Cardiac Arrest; History of cardiac arrest.', 'patient_id': '0447625b', 'waves': [], 'category': 'lookup', 'context': 'PATIENT RECORD\nPatient ID : 0447625b\nName       : Marcelle381 Crooks415\nGender     : F  |  Race: white\nBirthdate  : 1961-03-14  |  Location: Gardner, Massachusetts\n\n=== FULL HISTORY (all waves) ===\nCONDITIONS (5):\n  - Body mass index 30+ - obesity (finding) (onset: 2005-03-29)\n  - Acute bronchitis (disorder) (onset: 2013-10-15)\n  - Hyperlipidemia (onset: 2015-04-07)\n  - Cardiac Arrest (onset: 2017-03-21)\n  - History of cardiac arrest (situation) (onset: 2017-03-21)\nOBSERVATIONS (268):\n  - Body Height: 166.0 cm (date: 2019-04-30)\n  - Pain severity - 0-10 verbal numeric rating [Score] - Reported: 3.0 {score} (date: 2019-04-30)\n  - Body Weight: 76.6 kg (date: 2019-04-30)\n  - Body Mass Index: 27.8 kg/m2 (date: 2019-04-30)\n  - Diastolic Blood Pressure: 79.0 mm[Hg] (date: 2019-04-30)\n  - Systolic Blood Pressure: 117.0 mm[Hg] (date: 2019-04-30)\n  - Heart rate: 72.0 /min (date: 2019-04-30)\n  - Respiratory rate: 16.0 /min (date: 2019-04-30)\n  - Total Cholesterol: 177.1 mg/dL (date: 2020-04-26)\n  - Triglycerides: 152.7 mg/dL (date: 2020-04-26)\n  - Low Density Lipoprotein Cholesterol: 123.6 mg/dL (date: 2020-04-26)\n  - High Density Lipoprotein Cholesterol: 56.9 mg/dL (date: 2020-04-26)\n  - Tobacco smoking status NHIS: Never smoker nan (date: 2019-04-30)\n  - Leukocytes [#/volume] in Blood by Automated count: 4.3 10*3/uL (date: 2018-04-24)\n  - Erythrocytes [#/volume] in Blood by Automated count: 4.4 10*6/uL (date: 2018-04-24)\n  - Hemoglobin [Mass/volume] in Blood: 17.0 g/dL (date: 2018-04-24)\n  - Hematocrit [Volume Fraction] of Blood by Automated count: 39.0 % (date: 2018-04-24)\n  - MCV [Entitic volume] by Automated count: 85.4 fL (date: 2018-04-24)\n  - MCH [Entitic mass] by Automated count: 30.9 pg (date: 2018-04-24)\n  - MCHC [Mass/volume] by Automated count: 35.7 g/dL (date: 2018-04-24)\n  - Erythrocyte distribution width [Entitic volume] by Automated count: 41.5 fL (date: 2018-04-24)\n  - Platelets [#/volume] in Blood by Automated count: 284.9 10*3/uL (date: 2018-04-24)\n  - Platelet distribution width [Entitic volume] in Blood by Automated count: 446.2 fL (date: 2018-04-24)\n  - Platelet mean volume [Entitic volume] in Blood by Automated count: 10.6 fL (date: 2018-04-24)\n  - Glucose: 64.7 mg/dL (date: 2020-04-26)\nMEDICATIONS (12):\n  - 1 ML medroxyprogesterone acetate 150 MG/ML Injection (from: 2010-03-05, to: 2011-02-28)\n  - Natazia 28 Day Pack (from: 2011-02-28, to: 2012-02-23)\n  - Acetaminophen 325 MG Oral Tablet (from: 2013-10-15, to: 2013-10-22)\n  - Simvastatin 10 MG Oral Tablet (from: 2015-04-28, to: 2020-04-26)\n  - 1 ML Epinephrine 1 MG/ML Injection (from: 2017-03-21, to: 2017-03-21)\n  - 3 ML Amiodarone hydrocholoride 50 MG/ML Prefilled Syringe (from: 2017-03-21, to: 2017-03-21)\n  - Atropine Sulfate 1 MG/ML Injectable Solution (from: 2017-03-21, to: 2017-03-21)'}",0.015,False
AGG_V2_017,aggregate,What is the maximum number of conditions patient 04db6603 had active simultaneously in any single wave?,7 conditions in Wave 6,"{'answer': 'Not found in records.', 'patient_id': '04db6603', 'waves': [], 'category': 'lookup', 'context': 'PATIENT RECORD\nPatient ID : 04db6603\nName       : Angella518 Reynolds644\nGender     : F  |  Race: black\nBirthdate  : 1972-09-04  |  Location: Leverett, Massachusetts\n\n=== FULL HISTORY (all waves) ===\nCONDITIONS (11):\n  - Hypertension (onset: 1990-10-29)\n  - Miscarriage in first trimester (onset: 2002-08-26)\n  - Normal pregnancy (onset: 2011-01-24)\n  - Acute bronchitis (disorder) (onset: 2011-07-22)\n  - Viral sinusitis (disorder) (onset: 2012-04-04)\n  - Streptococcal sore throat (disorder) (onset: 2017-07-06)\n  - Whiplash injury to neck (onset: 2018-11-02)\nOBSERVATIONS (173):\n  - Body Height: 161.7 cm (date: 2020-04-13)\n  - Pain severity - 0-10 verbal numeric rating [Score] - Reported: 3.0 {score} (date: 2020-04-13)\n  - Body Weight: 76.7 kg (date: 2020-04-13)\n  - Body Mass Index: 29.3 kg/m2 (date: 2020-04-13)\n  - Diastolic Blood Pressure: 83.0 mm[Hg] (date: 2020-04-13)\n  - Systolic Blood Pressure: 138.0 mm[Hg] (date: 2020-04-13)\n  - Heart rate: 62.0 /min (date: 2020-04-13)\n  - Respiratory rate: 12.0 /min (date: 2020-04-13)\n  - Tobacco smoking status NHIS: Former smoker nan (date: 2020-04-13)\n  - Total Cholesterol: 191.4 mg/dL (date: 2018-04-02)\n  - Triglycerides: 100.3 mg/dL (date: 2018-04-02)\n  - Low Density Lipoprotein Cholesterol: 97.4 mg/dL (date: 2018-04-02)\n  - High Density Lipoprotein Cholesterol: 74.0 mg/dL (date: 2018-04-02)\n  - Leukocytes [#/volume] in Blood by Automated count: 6.1 10*3/uL (date: 2019-04-08)\n  - Erythrocytes [#/volume] in Blood by Automated count: 5.1 10*6/uL (date: 2019-04-08)\n  - Hemoglobin [Mass/volume] in Blood: 14.2 g/dL (date: 2019-04-08)\n  - Hematocrit [Volume Fraction] of Blood by Automated count: 41.6 % (date: 2019-04-08)\n  - MCV [Entitic volume] by Automated count: 84.1 fL (date: 2019-04-08)\n  - MCH [Entitic mass] by Automated count: 30.5 pg (date: 2019-04-08)\n  - MCHC [Mass/volume] by Automated count: 34.9 g/dL (date: 2019-04-08)\n  - Erythrocyte distribution width [Entitic volume] by Automated count: 43.3 fL (date: 2019-04-08)\n  - Platelets [#/volume] in Blood by Automated count: 321.2 10*3/uL (date: 2019-04-08)\n  - Platelet distribution width [Entitic volume] in Blood by Automated count: 153.7 fL (date: 2019-04-08)\n  - Platelet mean volume [Entitic volume] in Blood by Automated count: 10.3 fL (date: 2019-04-08)\n  - Body temperature: 38.7 Cel (date: 2017-07-06)\nMEDICATIONS (45):\n  - Hydrochlorothiazide 25 MG Oral Tablet (from: 1990-10-29, to: 1991-11-04)\n  - Acetaminophen 325 MG Oral Tablet (from: 2011-07-22, to: 2011-08-05)\n  - Etonogestrel 68 MG Drug Implant (from: 2012-10-04, to: 2013-09-29)\n  - Natazia 28 Day Pack (from: 2013-09-29, to: 2014-09-24)\n  - Levora 0.15/30 28 Day Pack (from: 2014-09-24, to: 2015-09-19)\n  - 1 ML medroxyPROGESTERone acetate 150 MG/ML Injection (from: 2016-09-22, to: 2017-09-17)\n  - Penicillin V Potassium 500 MG Oral Tablet (from: 2017-07-06, to: 2017-07-17)\n  - Trinessa 28 Day Pack (from: 2018-09-12, to: 2019-09-07)'}",0.012,False
AGG_V2_018,aggregate,How many waves did patient 04630e85 appear in with NO medications at all?,1 waves with no medications (Wave 7),"{'answer': 'Not found in records.', 'patient_id': '04630e85', 'waves': [], 'category': 'aggregate', 'context': 'PATIENT RECORD\nPatient ID : 04630e85\nName       : Lynette631 Walter473\nGender     : F  |  Race: white\nBirthdate  : 1953-03-07  |  Location: Danvers, Massachusetts\n\n=== FULL HISTORY (all waves) ===\nCONDITIONS (2):\n  - Acute viral pharyngitis (disorder) (onset: 2018-10-18)\n  - Acute bronchitis (disorder) (onset: 2018-11-30)\nOBSERVATIONS (182):\n  - FEV1/FVC: 25.2 % (date: 2019-12-21)\n  - Body Height: 171.6 cm (date: 2019-12-21)\n  - Pain severity - 0-10 verbal numeric rating [Score] - Reported: 4.0 {score} (date: 2019-12-21)\n  - Body Weight: 79.6 kg (date: 2019-12-21)\n  - Body Mass Index: 27.0 kg/m2 (date: 2019-12-21)\n  - Diastolic Blood Pressure: 72.0 mm[Hg] (date: 2019-12-21)\n  - Systolic Blood Pressure: 107.0 mm[Hg] (date: 2019-12-21)\n  - Heart rate: 74.0 /min (date: 2019-12-21)\n  - Respiratory rate: 14.0 /min (date: 2019-12-21)\n  - Total Cholesterol: 196.4 mg/dL (date: 2019-12-21)\n  - Triglycerides: 111.1 mg/dL (date: 2019-12-21)\n  - Low Density Lipoprotein Cholesterol: 97.0 mg/dL (date: 2019-12-21)\n  - High Density Lipoprotein Cholesterol: 77.2 mg/dL (date: 2019-12-21)\n  - Tobacco smoking status NHIS: Former smoker nan (date: 2019-12-21)\n  - Leukocytes [#/volume] in Blood by Automated count: 6.1 10*3/uL (date: 2016-12-03)\n  - Erythrocytes [#/volume] in Blood by Automated count: 4.7 10*6/uL (date: 2016-12-03)\n  - Hemoglobin [Mass/volume] in Blood: 16.6 g/dL (date: 2016-12-03)\n  - Hematocrit [Volume Fraction] of Blood by Automated count: 36.7 % (date: 2016-12-03)\n  - MCV [Entitic volume] by Automated count: 90.4 fL (date: 2016-12-03)\n  - MCH [Entitic mass] by Automated count: 27.1 pg (date: 2016-12-03)\n  - MCHC [Mass/volume] by Automated count: 34.5 g/dL (date: 2016-12-03)\n  - Erythrocyte distribution width [Entitic volume] by Automated count: 40.9 fL (date: 2016-12-03)\n  - Platelets [#/volume] in Blood by Automated count: 309.6 10*3/uL (date: 2016-12-03)\n  - Platelet distribution width [Entitic volume] in Blood by Automated count: 316.1 fL (date: 2016-12-03)\n  - Platelet mean volume [Entitic volume] in Blood by Automated count: 10.6 fL (date: 2016-12-03)\nMEDICATIONS (37):\n  - 60 ACTUAT Fluticasone propionate 0.25 MG/ACTUAT / salmeterol 0.05 MG/ACTUAT Dry Powder Inhaler (from: 1990-07-07, to: 1991-07-13)\n  - Acetaminophen 325 MG Oral Tablet (from: 2018-11-30, to: 2018-12-14)'}",0.024,False
AGG_V2_019,aggregate,"What was the total number of distinct conditions, medications, and observation types ever recorded for patient 0522e580?","63 total (7 conditions, 5 medications, 51 obs types)","{'answer': '7 conditions; 5 medications; 199 observation types.', 'patient_id': '0522e580', 'waves': [], 'category': 'aggregate', 'context': 'PATIENT RECORD\nPatient ID : 0522e580\nName       : Clyde817 Ebert178\nGender     : F  |  Race: black\nBirthdate  : 1951-10-11  |  Location: Southbridge, Massachusetts\n\n=== FULL HISTORY (all waves) ===\nCONDITIONS (7):\n  - Malignant neoplasm of breast (disorder) (onset: 2002-09-28)\n  - Acute viral pharyngitis (disorder) (onset: 2008-08-24)\n  - Fracture subluxation of wrist (onset: 2009-05-19)\n  - Polyp of colon (onset: 2011-10-09)\n  - Primary malignant neoplasm of colon (onset: 2011-10-20)\n  - Chronic congestive heart failure (disorder) (onset: 2014-10-14)\nOBSERVATIONS (199):\n  - Body Height: 183.2 cm (date: 2015-12-31)\n  - Pain severity - 0-10 verbal numeric rating [Score] - Reported: 1.0 {score} (date: 2015-12-31)\n  - Body Weight: 94.9 kg (date: 2015-12-31)\n  - Body Mass Index: 28.3 kg/m2 (date: 2015-12-31)\n  - Diastolic Blood Pressure: 77.0 mm[Hg] (date: 2015-12-31)\n  - Systolic Blood Pressure: 133.0 mm[Hg] (date: 2015-12-31)\n  - Heart rate: 89.0 /min (date: 2015-12-31)\n  - Respiratory rate: 14.0 /min (date: 2015-12-31)\n  - Tobacco smoking status NHIS: Never smoker nan (date: 2015-12-31)\n  - Response to cancer treatment: Improving (qualifier value) nan (date: 2006-12-28)\n  - Total Cholesterol: 186.9 mg/dL (date: 2013-12-19)\n  - Triglycerides: 130.4 mg/dL (date: 2013-12-19)\n  - Low Density Lipoprotein Cholesterol: 98.7 mg/dL (date: 2013-12-19)\n  - High Density Lipoprotein Cholesterol: 62.2 mg/dL (date: 2013-12-19)\n  - Body temperature: 37.5 Cel (date: 2015-08-26)\n  - Leukocytes [#/volume] in Blood by Automated count: 9.9 10*3/uL (date: 2013-12-19)\n  - Erythrocytes [#/volume] in Blood by Automated count: 4.6 10*6/uL (date: 2013-12-19)\n  - Hemoglobin [Mass/volume] in Blood: 12.2 g/dL (date: 2013-12-19)\n  - Hematocrit [Volume Fraction] of Blood by Automated count: 39.5 % (date: 2013-12-19)\n  - MCV [Entitic volume] by Automated count: 87.7 fL (date: 2013-12-19)\n  - MCH [Entitic mass] by Automated count: 30.8 pg (date: 2013-12-19)\n  - MCHC [Mass/volume] by Automated count: 33.9 g/dL (date: 2013-12-19)\n  - Erythrocyte distribution width [Entitic volume] by Automated count: 44.6 fL (date: 2013-12-19)\n  - Platelets [#/volume] in Blood by Automated count: 356.4 10*3/uL (date: 2013-12-19)\n  - Platelet distribution width [Entitic volume] in Blood by Automated count: 436.8 fL (date: 2013-12-19)\nMEDICATIONS (5):\n  - Acetaminophen 325 MG / oxyCODONE Hydrochloride 5 MG Oral Tablet (from: 2009-05-19, to: 2009-06-21)\n  - Naproxen sodium 220 MG Oral Tablet (from: 2009-05-19, to: 2009-07-18)\n  - 24 HR metoprolol succinate 100 MG Extended Release Oral Tablet [Toprol] (from: 2014-11-04, to: ongoing)\n  - Furosemide 40 MG Oral Tablet (from: 2014-11-04, to: ongoing)\n  - 10 ML Furosemide 10 MG/ML Injection (from: 2016-04-27, to: ongoing)'}",0.027,False
AGG_V2_020,aggregate,What was the range of average heart rates recorded for patient 064341a0 across waves (minimum to maximum wave average)?,68.0 /min (Wave 7) to 80.0 /min (Wave 5),"{'answer': '68.0 /min (minimum and maximum, as only one heart rate observation is recorded).', 'patient_id': '064341a0', 'waves': [], 'category': 'trend', 'context': 'PATIENT RECORD\nPatient ID : 064341a0\nName       : Elliot577 Hane680\nGender     : M  |  Race: white\nBirthdate  : 1958-11-02  |  Location: Somerville, Massachusetts\n\n=== FULL HISTORY (all waves) ===\nCONDITIONS (1):\n  - Chronic congestive heart failure (disorder) (onset: 2017-11-06)\nOBSERVATIONS (167):\n  - Body Height: 180.2 cm (date: 2020-01-06)\n  - Pain severity - 0-10 verbal numeric rating [Score] - Reported: 0.0 {score} (date: 2020-01-06)\n  - Body Weight: 103.2 kg (date: 2020-01-06)\n  - Body Mass Index: 31.8 kg/m2 (date: 2020-01-06)\n  - Diastolic Blood Pressure: 72.0 mm[Hg] (date: 2020-01-06)\n  - Systolic Blood Pressure: 110.0 mm[Hg] (date: 2020-01-06)\n  - Heart rate: 68.0 /min (date: 2020-01-06)\n  - Respiratory rate: 14.0 /min (date: 2020-01-06)\n  - Leukocytes [#/volume] in Blood by Automated count: 5.7 10*3/uL (date: 2015-12-14)\n  - Erythrocytes [#/volume] in Blood by Automated count: 5.0 10*6/uL (date: 2015-12-14)\n  - Hemoglobin [Mass/volume] in Blood: 16.9 g/dL (date: 2015-12-14)\n  - Hematocrit [Volume Fraction] of Blood by Automated count: 43.7 % (date: 2015-12-14)\n  - MCV [Entitic volume] by Automated count: 85.6 fL (date: 2015-12-14)\n  - MCH [Entitic mass] by Automated count: 28.8 pg (date: 2015-12-14)\n  - MCHC [Mass/volume] by Automated count: 34.5 g/dL (date: 2015-12-14)\n  - Erythrocyte distribution width [Entitic volume] by Automated count: 45.3 fL (date: 2015-12-14)\n  - Platelets [#/volume] in Blood by Automated count: 256.5 10*3/uL (date: 2015-12-14)\n  - Platelet distribution width [Entitic volume] in Blood by Automated count: 508.1 fL (date: 2015-12-14)\n  - Platelet mean volume [Entitic volume] in Blood by Automated count: 10.8 fL (date: 2015-12-14)\n  - Tobacco smoking status NHIS: Never smoker nan (date: 2020-01-06)\n  - Total Cholesterol: 164.4 mg/dL (date: 2017-12-25)\n  - Triglycerides: 109.3 mg/dL (date: 2017-12-25)\n  - Low Density Lipoprotein Cholesterol: 65.0 mg/dL (date: 2017-12-25)\n  - High Density Lipoprotein Cholesterol: 77.6 mg/dL (date: 2017-12-25)\n  - NT-proBNP: 1194.2 pg/mL (date: 2017-11-07)\nMEDICATIONS (2):\n  - 24 HR metoprolol succinate 100 MG Extended Release Oral Tablet [Toprol] (from: 2017-11-28, to: ongoing)\n  - Furosemide 40 MG Oral Tablet (from: 2017-11-28, to: ongoing)'}",0.029,False
AGG_V2_021,aggregate,"Did patient 0707e55b's BMI overall increase, decrease, or remain stable across all waves?",Overall increased from 29.6 kg/m2 (Wave 5) to 30.2 kg/m2 (Wave 7),"{'answer': 'Not found in records, only one BMI value is provided: 30.2 kg/m2 (date: 2020-01-19).', 'patient_id': '0707e55b', 'waves': [], 'category': 'lookup', 'context': 'PATIENT RECORD\nPatient ID : 0707e55b\nName       : Burl285 Herzog843\nGender     : M  |  Race: white\nBirthdate  : 1970-01-18  |  Location: Haverhill, Massachusetts\n\n=== FULL HISTORY (all waves) ===\nCONDITIONS (3):\n  - Prediabetes (onset: 1992-03-22)\n  - Anemia (disorder) (onset: 2001-04-01)\n  - Acute viral pharyngitis (disorder) (onset: 2010-05-11)\nOBSERVATIONS (147):\n  - Body temperature: 37.0 Cel (date: 2010-05-11)\n  - Body Height: 186.4 cm (date: 2020-01-19)\n  - Pain severity - 0-10 verbal numeric rating [Score] - Reported: 3.0 {score} (date: 2020-01-19)\n  - Body Weight: 104.9 kg (date: 2020-01-19)\n  - Body Mass Index: 30.2 kg/m2 (date: 2020-01-19)\n  - Diastolic Blood Pressure: 83.0 mm[Hg] (date: 2020-01-19)\n  - Systolic Blood Pressure: 104.0 mm[Hg] (date: 2020-01-19)\n  - Heart rate: 88.0 /min (date: 2020-01-19)\n  - Respiratory rate: 15.0 /min (date: 2020-01-19)\n  - Glucose: 65.3 mg/dL (date: 2020-01-19)\n  - Urea Nitrogen: 19.8 mg/dL (date: 2020-01-19)\n  - Creatinine: 1.3 mg/dL (date: 2020-01-19)\n  - Calcium: 9.9 mg/dL (date: 2020-01-19)\n  - Sodium: 143.4 mmol/L (date: 2020-01-19)\n  - Potassium: 5.0 mmol/L (date: 2020-01-19)\n  - Chloride: 103.8 mmol/L (date: 2020-01-19)\n  - Carbon Dioxide: 26.7 mmol/L (date: 2020-01-19)\n  - Total Cholesterol: 191.5 mg/dL (date: 2020-01-19)\n  - Triglycerides: 124.6 mg/dL (date: 2020-01-19)\n  - Low Density Lipoprotein Cholesterol: 103.4 mg/dL (date: 2020-01-19)\n  - High Density Lipoprotein Cholesterol: 63.2 mg/dL (date: 2020-01-19)\n  - Tobacco smoking status NHIS: Former smoker nan (date: 2020-01-19)\n  - Hemoglobin A1c/Hemoglobin.total in Blood: 5.9 % (date: 2020-01-19)\n  - Leukocytes [#/volume] in Blood by Automated count: 5.1 10*3/uL (date: 2016-02-07)\n  - Erythrocytes [#/volume] in Blood by Automated count: 4.0 10*6/uL (date: 2016-02-07)\nMEDICATIONS (0):\n  None recorded'}",0.032,False
AGG_V2_022,aggregate,Which condition was active for patient 052c405b across the most number of waves?,Body mass index 30+ - obesity (finding) — active across 4 waves,"{'answer': 'Body mass index 30+ - obesity (finding)', 'patient_id': '052c405b', 'waves': [], 'category': 'lookup', 'context': 'PATIENT RECORD\nPatient ID : 052c405b\nName       : Dave764 Hilpert278\nGender     : M  |  Race: black\nBirthdate  : 1972-09-04  |  Location: Southborough, Massachusetts\n\n=== FULL HISTORY (all waves) ===\nCONDITIONS (4):\n  - Body mass index 30+ - obesity (finding) (onset: 2009-11-22)\n  - Acute viral pharyngitis (disorder) (onset: 2012-01-01)\n  - Acute bronchitis (disorder) (onset: 2018-04-16)\n  - Viral sinusitis (disorder) (onset: 2018-04-26)\nOBSERVATIONS (106):\n  - Body temperature: 37.2 Cel (date: 2012-01-02)\n  - Body Height: 173.3 cm (date: 2018-09-24)\n  - Pain severity - 0-10 verbal numeric rating [Score] - Reported: 2.0 {score} (date: 2018-09-24)\n  - Body Weight: 84.6 kg (date: 2018-09-24)\n  - Body Mass Index: 28.2 kg/m2 (date: 2018-09-24)\n  - Diastolic Blood Pressure: 71.0 mm[Hg] (date: 2018-09-24)\n  - Systolic Blood Pressure: 125.0 mm[Hg] (date: 2018-09-24)\n  - Heart rate: 92.0 /min (date: 2018-09-24)\n  - Respiratory rate: 13.0 /min (date: 2018-09-24)\n  - Leukocytes [#/volume] in Blood by Automated count: 8.8 10*3/uL (date: 2018-04-23)\n  - Erythrocytes [#/volume] in Blood by Automated count: 5.5 10*6/uL (date: 2018-04-23)\n  - Hemoglobin [Mass/volume] in Blood: 13.2 g/dL (date: 2018-04-23)\n  - Hematocrit [Volume Fraction] of Blood by Automated count: 35.4 % (date: 2018-04-23)\n  - MCV [Entitic volume] by Automated count: 88.0 fL (date: 2018-04-23)\n  - MCH [Entitic mass] by Automated count: 31.3 pg (date: 2018-04-23)\n  - MCHC [Mass/volume] by Automated count: 33.5 g/dL (date: 2018-04-23)\n  - Erythrocyte distribution width [Entitic volume] by Automated count: 45.5 fL (date: 2018-04-23)\n  - Platelets [#/volume] in Blood by Automated count: 307.8 10*3/uL (date: 2018-04-23)\n  - Platelet distribution width [Entitic volume] in Blood by Automated count: 356.4 fL (date: 2018-04-23)\n  - Platelet mean volume [Entitic volume] in Blood by Automated count: 10.2 fL (date: 2018-04-23)\n  - Tobacco smoking status NHIS: Former smoker nan (date: 2018-09-24)\n  - Total Cholesterol: 197.3 mg/dL (date: 2018-04-23)\n  - Triglycerides: 122.9 mg/dL (date: 2018-04-23)\n  - Low Density Lipoprotein Cholesterol: 106.0 mg/dL (date: 2018-04-23)\n  - High Density Lipoprotein Cholesterol: 66.7 mg/dL (date: 2018-04-23)\nMEDICATIONS (2):\n  - Acetaminophen 325 MG Oral Tablet (from: 2018-04-16, to: 2018-04-23)\n  - Amoxicillin 250 MG / Clavulanate 125 MG Oral Tablet (from: 2018-04-26, to: 2018-05-17)'}",0.043,False
AGG_V2_023,aggregate,In how many waves did patient 058590f8 receive at least one entirely new diagnosis not seen in prior waves?,4 of 5 waves had new diagnoses,"{'answer': 'Not found in records.', 'patient_id': '058590f8', 'waves': [], 'category': 'aggregate', 'context': 'PATIENT RECORD\nPatient ID : 058590f8\nName       : Rubye299 Upton904\nGender     : F  |  Race: white\nBirthdate  : 1981-02-05  |  Location: Chicopee, Massachusetts\n\n=== FULL HISTORY (all waves) ===\nCONDITIONS (10):\n  - Normal pregnancy (onset: 1999-07-15)\n  - Prediabetes (onset: 2006-04-13)\n  - Anemia (disorder) (onset: 2008-04-24)\n  - Preeclampsia (onset: 2013-12-26)\n  - Escherichia coli urinary tract infection (onset: 2017-01-27)\n  - Antepartum eclampsia (onset: 2017-08-03)\n  - Whiplash injury to neck (onset: 2017-10-24)\nOBSERVATIONS (110):\n  - Body Height: 163.0 cm (date: 2018-04-26)\n  - Pain severity - 0-10 verbal numeric rating [Score] - Reported: 3.0 {score} (date: 2018-04-26)\n  - Body Weight: 79.2 kg (date: 2018-04-26)\n  - Body Mass Index: 29.8 kg/m2 (date: 2018-04-26)\n  - Diastolic Blood Pressure: 89.0 mm[Hg] (date: 2018-04-26)\n  - Systolic Blood Pressure: 120.0 mm[Hg] (date: 2018-04-26)\n  - Heart rate: 61.0 /min (date: 2018-04-26)\n  - Respiratory rate: 14.0 /min (date: 2018-04-26)\n  - Glucose: 96.5 mg/dL (date: 2018-04-26)\n  - Urea Nitrogen: 9.4 mg/dL (date: 2018-04-26)\n  - Creatinine: 1.5 mg/dL (date: 2018-04-26)\n  - Calcium: 10.0 mg/dL (date: 2018-04-26)\n  - Sodium: 137.7 mmol/L (date: 2018-04-26)\n  - Potassium: 4.2 mmol/L (date: 2018-04-26)\n  - Chloride: 103.6 mmol/L (date: 2018-04-26)\n  - Carbon Dioxide: 24.6 mmol/L (date: 2018-04-26)\n  - Total Cholesterol: 189.9 mg/dL (date: 2018-04-26)\n  - Triglycerides: 105.0 mg/dL (date: 2018-04-26)\n  - Low Density Lipoprotein Cholesterol: 91.3 mg/dL (date: 2018-04-26)\n  - High Density Lipoprotein Cholesterol: 77.7 mg/dL (date: 2018-04-26)\n  - Tobacco smoking status NHIS: Never smoker nan (date: 2018-04-26)\n  - Hemoglobin A1c/Hemoglobin.total in Blood: 5.9 % (date: 2018-04-26)\n  - Leukocytes [#/volume] in Blood by Automated count: 9.0 10*3/uL (date: 2015-04-23)\n  - Erythrocytes [#/volume] in Blood by Automated count: 4.6 10*6/uL (date: 2015-04-23)\n  - Hemoglobin [Mass/volume] in Blood: 16.8 g/dL (date: 2015-04-23)\nMEDICATIONS (8):\n  - ferrous sulfate 325 MG Oral Tablet (from: 2008-04-24, to: ongoing)\n  - 1 ML medroxyprogesterone acetate 150 MG/ML Injection (from: 2011-02-16, to: 2012-02-11)\n  - Jolivette 28 Day Pack (from: 2013-02-05, to: 2013-05-16)\n  - Trinessa 28 Day Pack (from: 2014-04-03, to: 2015-03-29)\n  - Nitrofurantoin 5 MG/ML Oral Suspension (from: 2017-03-12, to: 2017-03-19)\n  - Phenazopyridine hydrochloride 100 MG Oral Tablet (from: 2017-03-12, to: 2017-03-19)\n  - Etonogestrel 68 MG Drug Implant (from: 2017-10-05, to: 2018-09-30)\n  - Naproxen sodium 220 MG Oral Tablet (from: 2017-10-24, to: 2017-11-28)'}",0.019,False
AGG_V2_024,aggregate,Which wave had the most complete clinical picture for patient 03c5e223 (highest variety of observation types)?,Wave 5 (24 distinct types),"{'answer': 'Not found in records.', 'patient_id': '03c5e223', 'waves': [], 'category': 'lookup', 'context': 'PATIENT RECORD\nPatient ID : 03c5e223\nName       : Dung738 Farrell962\nGender     : F  |  Race: white\nBirthdate  : 2002-04-11  |  Location: Boston, Massachusetts\n\n=== FULL HISTORY (all waves) ===\nCONDITIONS (5):\n  - Viral sinusitis (disorder) (onset: 2011-11-18)\n  - Seizure disorder (onset: 2012-04-08)\n  - History of single seizure (situation) (onset: 2012-04-08)\n  - Fracture of clavicle (onset: 2016-10-08)\n  - Laceration of forearm (onset: 2019-11-22)\nOBSERVATIONS (145):\n  - Body Height: 168.6 cm (date: 2019-05-30)\n  - Pain severity - 0-10 verbal numeric rating [Score] - Reported: 4.0 {score} (date: 2019-05-30)\n  - Body Weight: 59.8 kg (date: 2019-05-30)\n  - Body Mass Index: 21.0 kg/m2 (date: 2019-05-30)\n  - Body mass index (BMI) [Percentile] Per age and gender: 51.1 % (date: 2019-05-30)\n  - Diastolic Blood Pressure: 82.0 mm[Hg] (date: 2019-05-30)\n  - Systolic Blood Pressure: 105.0 mm[Hg] (date: 2019-05-30)\n  - Heart rate: 98.0 /min (date: 2019-05-30)\n  - Respiratory rate: 13.0 /min (date: 2019-05-30)\n  - Tobacco smoking status NHIS: Never smoker nan (date: 2019-05-30)\n  - Leukocytes [#/volume] in Blood by Automated count: 7.3 10*3/uL (date: 2018-05-24)\n  - Erythrocytes [#/volume] in Blood by Automated count: 5.0 10*6/uL (date: 2018-05-24)\n  - Hemoglobin [Mass/volume] in Blood: 16.1 g/dL (date: 2018-05-24)\n  - Hematocrit [Volume Fraction] of Blood by Automated count: 36.6 % (date: 2018-05-24)\n  - MCV [Entitic volume] by Automated count: 93.2 fL (date: 2018-05-24)\n  - MCH [Entitic mass] by Automated count: 31.5 pg (date: 2018-05-24)\n  - MCHC [Mass/volume] by Automated count: 34.8 g/dL (date: 2018-05-24)\n  - Erythrocyte distribution width [Entitic volume] by Automated count: 39.2 fL (date: 2018-05-24)\n  - Platelets [#/volume] in Blood by Automated count: 300.7 10*3/uL (date: 2018-05-24)\n  - Platelet distribution width [Entitic volume] in Blood by Automated count: 404.7 fL (date: 2018-05-24)\n  - Platelet mean volume [Entitic volume] in Blood by Automated count: 10.0 fL (date: 2018-05-24)\n  - QALY: 15.2 a (date: 2020-04-11)\n  - DALY: 1.8 a (date: 2020-04-11)\n  - QOLS: 0.7 {score} (date: 2020-04-11)\nMEDICATIONS (9):\n  - Amoxicillin 250 MG / Clavulanate 125 MG Oral Tablet (from: 2011-11-18, to: 2011-12-09)\n  - Diazepam 5 MG Oral Tablet (from: 2012-04-08, to: 2012-06-10)\n  - Carbamazepine[Tegretol] (from: 2013-04-25, to: 2013-11-21)\n  - Acetaminophen 325 MG / oxyCODONE Hydrochloride 5 MG Oral Tablet (from: 2016-10-08, to: 2016-11-17)\n  - Ibuprofen 200 MG Oral Tablet (from: 2016-10-08, to: 2017-01-06)\n  - Yaz 28 Day Pack (from: 2018-03-28, to: 2019-03-23)\n  - Natazia 28 Day Pack (from: 2019-03-23, to: 2020-03-17)'}",0.016,False
AGG_V2_025,aggregate,What is the total count of all medication prescriptions ever written for patient 04a849f4 (including repeats)?,44 total prescription records,"{'answer': '44', 'patient_id': '04a849f4', 'waves': [], 'category': 'aggregate', 'context': 'PATIENT RECORD\nPatient ID : 04a849f4\nName       : Verónica383 Almanza534\nGender     : F  |  Race: white\nBirthdate  : 1997-07-18  |  Location: Boston, Massachusetts\n\n=== FULL HISTORY (all waves) ===\nCONDITIONS (14):\n  - Viral sinusitis (disorder) (onset: 2010-08-18)\n  - Acute bronchitis (disorder) (onset: 2011-01-07)\n  - Concussion with no loss of consciousness (onset: 2011-04-06)\n  - Chronic intractable migraine without aura (onset: 2011-10-20)\n  - Impacted molars (onset: 2012-04-06)\n  - Chronic pain (onset: 2012-05-20)\n  - Fracture subluxation of wrist (onset: 2015-03-16)\n  - Hypertension (onset: 2015-09-11)\n  - Normal pregnancy (onset: 2018-02-16)\n  - Facial laceration (onset: 2019-04-24)\nOBSERVATIONS (210):\n  - Body Height: 155.0 cm (date: 2019-10-04)\n  - Pain severity - 0-10 verbal numeric rating [Score] - Reported: 6.0 {score} (date: 2020-01-23)\n  - Body Weight: 61.8 kg (date: 2019-10-04)\n  - Body Mass Index: 25.7 kg/m2 (date: 2019-10-04)\n  - Body mass index (BMI) [Percentile] Per age and gender: 75.4 % (date: 2016-09-16)\n  - Diastolic Blood Pressure: 80.0 mm[Hg] (date: 2019-10-04)\n  - Systolic Blood Pressure: 127.0 mm[Hg] (date: 2019-10-04)\n  - Heart rate: 100.0 /min (date: 2019-10-04)\n  - Respiratory rate: 16.0 /min (date: 2019-10-04)\n  - Tobacco smoking status NHIS: Never smoker nan (date: 2019-10-04)\n  - Leukocytes [#/volume] in Blood by Automated count: 4.3 10*3/uL (date: 2018-09-28)\n  - Erythrocytes [#/volume] in Blood by Automated count: 4.1 10*6/uL (date: 2018-09-28)\n  - Hemoglobin [Mass/volume] in Blood: 15.2 g/dL (date: 2018-09-28)\n  - Hematocrit [Volume Fraction] of Blood by Automated count: 35.4 % (date: 2018-09-28)\n  - MCV [Entitic volume] by Automated count: 94.2 fL (date: 2018-09-28)\n  - MCH [Entitic mass] by Automated count: 29.5 pg (date: 2018-09-28)\n  - MCHC [Mass/volume] by Automated count: 34.5 g/dL (date: 2018-09-28)\n  - Erythrocyte distribution width [Entitic volume] by Automated count: 41.1 fL (date: 2018-09-28)\n  - Platelets [#/volume] in Blood by Automated count: 318.9 10*3/uL (date: 2018-09-28)\n  - Platelet distribution width [Entitic volume] in Blood by Automated count: 467.2 fL (date: 2018-09-28)\n  - Platelet mean volume [Entitic volume] in Blood by Automated count: 11.7 fL (date: 2018-09-28)\n  - QALY: 17.7 a (date: 2019-07-18)\n  - DALY: 3.3 a (date: 2019-07-18)\n  - QOLS: 0.5 {score} (date: 2019-07-18)\nMEDICATIONS (44):\n  - Acetaminophen 325 MG Oral Tablet (from: 2011-01-07, to: 2011-01-14)\n  - Acetaminophen 325 MG / Oxycodone Hydrochloride 5 MG Oral Tablet (from: 2011-10-20, to: 2011-12-08)\n  - Acetaminophen 300 MG / HYDROcodone Bitartrate 5 MG Oral Tablet (from: 2012-04-06, to: 2012-04-20)\n  - Abuse-Deterrent 12 HR Oxycodone Hydrochloride 15 MG Extended Release Oral Tablet (from: 2012-05-20, to: 2012-05-27)\n  - Seasonique 91 Day Pack (from: 2012-07-09, to: 2013-07-04)\n  - Ibuprofen 200 MG Oral Tablet (from: 2015-03-16, to: 2015-05-15)\n  - Yaz 28 Day Pack (from: 2015-06-24, to: 2016-06-18)\n  - Hydrochlorothiazide 25 MG Oral Tablet (from: 2015-09-11, to: 2016-09-16)\n  - Amoxicillin 250 MG / Clavulanate 125 MG Oral Tablet (from: 2018-03-23, to: 2018-04-06)\n  - Errin 28 Day Pack (from: 2020-02-24, to: ongoing)'}",0.009,False
MH_V2_001,multi-hop,What was patient 03172f6e's BMI in the wave they were first ever diagnosed with any condition?,BMI was 17.9 kg/m2 in Wave 1 (when first diagnosis made: Streptococcal sore throat (disorder)),"{'answer': 'Not found in records.', 'patient_id': '03172f6e', 'waves': [], 'category': 'lookup', 'context': 'PATIENT RECORD\nPatient ID : 03172f6e\nName       : Kala987 Rutherford999\nGender     : F  |  Race: white\nBirthdate  : 1961-03-14  |  Location: Gardner, Massachusetts\n\n=== FULL HISTORY (all waves) ===\nCONDITIONS (0):\n  None recorded\nOBSERVATIONS (0):\n  None recorded\nMEDICATIONS (0):\n  None recorded'}",0.105,False
MH_V2_002,multi-hop,Was patient 034e9e3b's first medication prescribed before or after their first condition diagnosis?,"Medication came after — first med Wave 6 (2016-12-29), first condition Wave 6 (2016-12-29)","{'answer': ""The patient's first condition diagnosis was Acute bronchitis on 2016-12-29; the first medication prescribed was Acetaminophen 325 MG Oral Tablet, starting from 2016-12-29. The medication was prescribed on the same day as the condition diagnosis."", 'patient_id': '034e9e3b', 'waves': [], 'category': 'lookup', 'context': 'PATIENT RECORD\nPatient ID : 034e9e3b\nName       : Milo271 Feil794\nGender     : M  |  Race: white\nBirthdate  : 1983-11-14  |  Location: Somerville, Massachusetts\n\n=== FULL HISTORY (all waves) ===\nCONDITIONS (1):\n  - Acute bronchitis (disorder) (onset: 2016-12-29)\nOBSERVATIONS (96):\n  - Body Height: 193.3 cm (date: 2018-01-29)\n  - Pain severity - 0-10 verbal numeric rating [Score] - Reported: 1.0 {score} (date: 2018-01-29)\n  - Body Weight: 87.8 kg (date: 2018-01-29)\n  - Body Mass Index: 23.5 kg/m2 (date: 2018-01-29)\n  - Diastolic Blood Pressure: 85.0 mm[Hg] (date: 2018-01-29)\n  - Systolic Blood Pressure: 103.0 mm[Hg] (date: 2018-01-29)\n  - Heart rate: 66.0 /min (date: 2018-01-29)\n  - Respiratory rate: 13.0 /min (date: 2018-01-29)\n  - Leukocytes [#/volume] in Blood by Automated count: 6.3 10*3/uL (date: 2018-01-29)\n  - Erythrocytes [#/volume] in Blood by Automated count: 4.6 10*6/uL (date: 2018-01-29)\n  - Hemoglobin [Mass/volume] in Blood: 14.5 g/dL (date: 2018-01-29)\n  - Hematocrit [Volume Fraction] of Blood by Automated count: 46.3 % (date: 2018-01-29)\n  - MCV [Entitic volume] by Automated count: 87.3 fL (date: 2018-01-29)\n  - MCH [Entitic mass] by Automated count: 31.4 pg (date: 2018-01-29)\n  - MCHC [Mass/volume] by Automated count: 33.6 g/dL (date: 2018-01-29)\n  - Erythrocyte distribution width [Entitic volume] by Automated count: 40.3 fL (date: 2018-01-29)\n  - Platelets [#/volume] in Blood by Automated count: 343.6 10*3/uL (date: 2018-01-29)\n  - Platelet distribution width [Entitic volume] in Blood by Automated count: 432.5 fL (date: 2018-01-29)\n  - Platelet mean volume [Entitic volume] in Blood by Automated count: 11.5 fL (date: 2018-01-29)\n  - Tobacco smoking status NHIS: Former smoker nan (date: 2018-01-29)\n  - Total Cholesterol: 165.5 mg/dL (date: 2018-01-29)\n  - Triglycerides: 113.3 mg/dL (date: 2018-01-29)\n  - Low Density Lipoprotein Cholesterol: 80.7 mg/dL (date: 2018-01-29)\n  - High Density Lipoprotein Cholesterol: 62.2 mg/dL (date: 2018-01-29)\n  - QALY: 35.0 a (date: 2019-11-14)\nMEDICATIONS (1):\n  - Acetaminophen 325 MG Oral Tablet (from: 2016-12-29, to: 2017-01-05)'}",0.033,False
MH_V2_003,multi-hop,How many observations were recorded for patient 04dff6e5 in the same wave they were first diagnosed with any condition?,76 observations in Wave 5 (same wave as first diagnosis: Fracture of rib),"{'answer': 'Not found in records.', 'patient_id': '04dff6e5', 'waves': [], 'category': 'aggregate', 'context': 'PATIENT RECORD\nPatient ID : 04dff6e5\nName       : Hyman89 Labadie908\nGender     : M  |  Race: white\nBirthdate  : 1999-09-28  |  Location: Cambridge, Massachusetts\n\n=== FULL HISTORY (all waves) ===\nCONDITIONS (3):\n  - Fracture of rib (onset: 2010-05-03)\n  - Viral sinusitis (disorder) (onset: 2013-06-23)\nOBSERVATIONS (142):\n  - Body Height: 177.9 cm (date: 2018-11-28)\n  - Pain severity - 0-10 verbal numeric rating [Score] - Reported: 3.0 {score} (date: 2018-11-28)\n  - Body Weight: 68.2 kg (date: 2018-11-28)\n  - Body Mass Index: 21.6 kg/m2 (date: 2018-11-28)\n  - Body mass index (BMI) [Percentile] Per age and gender: 36.2 % (date: 2018-11-28)\n  - Diastolic Blood Pressure: 81.0 mm[Hg] (date: 2018-11-28)\n  - Systolic Blood Pressure: 132.0 mm[Hg] (date: 2018-11-28)\n  - Heart rate: 77.0 /min (date: 2018-11-28)\n  - Respiratory rate: 13.0 /min (date: 2018-11-28)\n  - Leukocytes [#/volume] in Blood by Automated count: 3.7 10*3/uL (date: 2015-11-11)\n  - Erythrocytes [#/volume] in Blood by Automated count: 4.5 10*6/uL (date: 2015-11-11)\n  - Hemoglobin [Mass/volume] in Blood: 13.3 g/dL (date: 2015-11-11)\n  - Hematocrit [Volume Fraction] of Blood by Automated count: 39.2 % (date: 2015-11-11)\n  - MCV [Entitic volume] by Automated count: 90.2 fL (date: 2015-11-11)\n  - MCH [Entitic mass] by Automated count: 30.0 pg (date: 2015-11-11)\n  - MCHC [Mass/volume] by Automated count: 33.7 g/dL (date: 2015-11-11)\n  - Erythrocyte distribution width [Entitic volume] by Automated count: 45.2 fL (date: 2015-11-11)\n  - Platelets [#/volume] in Blood by Automated count: 399.5 10*3/uL (date: 2015-11-11)\n  - Platelet distribution width [Entitic volume] in Blood by Automated count: 480.4 fL (date: 2015-11-11)\n  - Platelet mean volume [Entitic volume] in Blood by Automated count: 11.6 fL (date: 2015-11-11)\n  - Tobacco smoking status NHIS: Never smoker nan (date: 2018-11-28)\n  - QALY: 19.0 a (date: 2019-09-29)\n  - DALY: 0.0 a (date: 2019-09-29)\n  - QOLS: 1.0 {score} (date: 2019-09-29)\nMEDICATIONS (1):\n  - Ibuprofen 100 MG Oral Tablet (from: 2010-05-04, to: 2010-08-02)'}",0.026,False
MH_V2_004,multi-hop,What was patient 05ad1c43's average body weight in the wave they were first prescribed any medication?,39.7 kg in Wave 6 (wave of first prescription),"{'answer': 'Not found in records.', 'patient_id': '05ad1c43', 'waves': [], 'category': 'aggregate', 'context': 'PATIENT RECORD\nPatient ID : 05ad1c43\nName       : Huey641 Kris249\nGender     : M  |  Race: white\nBirthdate  : 2001-06-01  |  Location: Longmeadow, Massachusetts\n\n=== FULL HISTORY (all waves) ===\nCONDITIONS (3):\n  - Acute bronchitis (disorder) (onset: 2015-08-16)\n  - Viral sinusitis (disorder) (onset: 2015-09-30)\nOBSERVATIONS (152):\n  - Body Height: 153.5 cm (date: 2019-07-26)\n  - Pain severity - 0-10 verbal numeric rating [Score] - Reported: 2.0 {score} (date: 2019-07-26)\n  - Body Weight: 48.1 kg (date: 2019-07-26)\n  - Body Mass Index: 20.4 kg/m2 (date: 2019-07-26)\n  - Body mass index (BMI) [Percentile] Per age and gender: 28.0 % (date: 2019-07-26)\n  - Diastolic Blood Pressure: 84.0 mm[Hg] (date: 2019-07-26)\n  - Systolic Blood Pressure: 128.0 mm[Hg] (date: 2019-07-26)\n  - Heart rate: 83.0 /min (date: 2019-07-26)\n  - Respiratory rate: 14.0 /min (date: 2019-07-26)\n  - Tobacco smoking status NHIS: Never smoker nan (date: 2019-07-26)\n  - Leukocytes [#/volume] in Blood by Automated count: 3.7 10*3/uL (date: 2017-07-14)\n  - Erythrocytes [#/volume] in Blood by Automated count: 4.6 10*6/uL (date: 2017-07-14)\n  - Hemoglobin [Mass/volume] in Blood: 16.2 g/dL (date: 2017-07-14)\n  - Hematocrit [Volume Fraction] of Blood by Automated count: 39.5 % (date: 2017-07-14)\n  - MCV [Entitic volume] by Automated count: 83.4 fL (date: 2017-07-14)\n  - MCH [Entitic mass] by Automated count: 27.6 pg (date: 2017-07-14)\n  - MCHC [Mass/volume] by Automated count: 33.9 g/dL (date: 2017-07-14)\n  - Erythrocyte distribution width [Entitic volume] by Automated count: 43.3 fL (date: 2017-07-14)\n  - Platelets [#/volume] in Blood by Automated count: 163.4 10*3/uL (date: 2017-07-14)\n  - Platelet distribution width [Entitic volume] in Blood by Automated count: 358.8 fL (date: 2017-07-14)\n  - Platelet mean volume [Entitic volume] in Blood by Automated count: 10.3 fL (date: 2017-07-14)\n  - QALY: 17.0 a (date: 2019-06-01)\n  - DALY: 0.0 a (date: 2019-06-01)\n  - QOLS: 1.0 {score} (date: 2019-06-01)\nMEDICATIONS (2):\n  - Acetaminophen 325 MG Oral Tablet (from: 2015-08-16, to: 2015-08-23)\n  - Amoxicillin 250 MG / Clavulanate 125 MG Oral Tablet (from: 2015-09-30, to: 2015-10-21)'}",0.029,False
MH_V2_005,multi-hop,Did patient 83719bd7's average Systolic Blood Pressure increase in the wave immediately after their first Hypertension diagnosis?,"No — SBP was 119.6 mm[Hg] in diagnosis wave (Wave 4), 119.6 mm[Hg] in Wave 5","{'answer': 'Not found in records.', 'patient_id': '83719bd7', 'waves': [], 'category': 'aggregate', 'context': 'PATIENT RECORD\nPatient ID : 83719bd7\nName       : Leann224 Larson43\nGender     : F  |  Race: white\nBirthdate  : 1989-06-07  |  Location: Needham, Massachusetts\n\n=== FULL HISTORY (all waves) ===\nCONDITIONS (7):\n  - Hypertension (onset: 2007-08-01)\n  - Normal pregnancy (onset: 2013-07-03)\n  - Miscarriage in first trimester (onset: 2013-07-03)\n  - Fetus with unknown complication (onset: 2013-07-03)\nOBSERVATIONS (146):\n  - Body Height: 170.0 cm (date: 2019-10-09)\n  - Pain severity - 0-10 verbal numeric rating [Score] - Reported: 0.0 {score} (date: 2019-10-09)\n  - Body Weight: 74.8 kg (date: 2019-10-09)\n  - Body Mass Index: 25.9 kg/m2 (date: 2019-10-09)\n  - Diastolic Blood Pressure: 76.0 mm[Hg] (date: 2019-10-09)\n  - Systolic Blood Pressure: 119.0 mm[Hg] (date: 2019-10-09)\n  - Heart rate: 96.0 /min (date: 2019-10-09)\n  - Respiratory rate: 13.0 /min (date: 2019-10-09)\n  - Leukocytes [#/volume] in Blood by Automated count: 6.1 10*3/uL (date: 2015-09-16)\n  - Erythrocytes [#/volume] in Blood by Automated count: 5.0 10*6/uL (date: 2015-09-16)\n  - Hemoglobin [Mass/volume] in Blood: 13.1 g/dL (date: 2015-09-16)\n  - Hematocrit [Volume Fraction] of Blood by Automated count: 36.7 % (date: 2015-09-16)\n  - MCV [Entitic volume] by Automated count: 93.8 fL (date: 2015-09-16)\n  - MCH [Entitic mass] by Automated count: 31.3 pg (date: 2015-09-16)\n  - MCHC [Mass/volume] by Automated count: 33.6 g/dL (date: 2015-09-16)\n  - Erythrocyte distribution width [Entitic volume] by Automated count: 45.0 fL (date: 2015-09-16)\n  - Platelets [#/volume] in Blood by Automated count: 249.2 10*3/uL (date: 2015-09-16)\n  - Platelet distribution width [Entitic volume] in Blood by Automated count: 231.2 fL (date: 2015-09-16)\n  - Platelet mean volume [Entitic volume] in Blood by Automated count: 11.5 fL (date: 2015-09-16)\n  - Tobacco smoking status NHIS: Former smoker nan (date: 2019-10-09)\n  - Total Cholesterol: 174.8 mg/dL (date: 2019-10-09)\n  - Triglycerides: 113.1 mg/dL (date: 2019-10-09)\n  - Low Density Lipoprotein Cholesterol: 76.8 mg/dL (date: 2019-10-09)\n  - High Density Lipoprotein Cholesterol: 75.4 mg/dL (date: 2019-10-09)\n  - QALY: 28.4 a (date: 2019-06-07)\nMEDICATIONS (21):\n  - Atenolol 50 MG / Chlorthalidone 25 MG Oral Tablet (from: 2007-08-31, to: 2008-08-06)\n  - Seasonique 91 Day Pack (from: 2010-04-28, to: 2011-04-23)\n  - Levora 0.15/30 28 Day Pack (from: 2011-04-23, to: 2012-04-17)\n  - Trinessa 28 Day Pack (from: 2012-04-17, to: 2013-04-12)\n  - Etonogestrel 68 MG Drug Implant (from: 2016-02-17, to: 2017-02-11)\n  - NuvaRing 0.12/0.015 MG per 24HR 21 Day Vaginal Ring (from: 2017-02-11, to: 2018-02-06)\n  - 1 ML medroxyPROGESTERone acetate 150 MG/ML Injection (from: 2018-02-06, to: 2019-02-01)\n  - Camila 28 Day Pack (from: 2019-02-01, to: 2020-01-27)'}",0.033,False
MH_V2_006,multi-hop,How many new conditions were diagnosed for patient 05bfc523 after they started their first medication?,5 new conditions after Wave 5 (when first medication started),"{'answer': '5 conditions were diagnosed after the first medication: Normal pregnancy; Anemia; Preeclampsia; Antepartum eclampsia; Viral sinusitis.', 'patient_id': '05bfc523', 'waves': [], 'category': 'aggregate', 'context': 'PATIENT RECORD\nPatient ID : 05bfc523\nName       : Susana117 Esparza426\nGender     : F  |  Race: white\nBirthdate  : 2001-06-09  |  Location: Lowell, Massachusetts\n\n=== FULL HISTORY (all waves) ===\nCONDITIONS (6):\n  - Acute bronchitis (disorder) (onset: 2012-05-13)\n  - Normal pregnancy (onset: 2016-12-17)\n  - Anemia (disorder) (onset: 2016-12-17)\n  - Preeclampsia (onset: 2017-06-03)\n  - Antepartum eclampsia (onset: 2017-07-01)\n  - Viral sinusitis (disorder) (onset: 2017-11-18)\nOBSERVATIONS (173):\n  - Body Height: 165.1 cm (date: 2019-08-03)\n  - Pain severity - 0-10 verbal numeric rating [Score] - Reported: 1.0 {score} (date: 2019-08-03)\n  - Body Weight: 66.6 kg (date: 2019-08-03)\n  - Body Mass Index: 24.4 kg/m2 (date: 2019-08-03)\n  - Body mass index (BMI) [Percentile] Per age and gender: 78.7 % (date: 2019-08-03)\n  - Diastolic Blood Pressure: 72.0 mm[Hg] (date: 2019-08-03)\n  - Systolic Blood Pressure: 108.0 mm[Hg] (date: 2019-08-03)\n  - Heart rate: 81.0 /min (date: 2019-08-03)\n  - Respiratory rate: 14.0 /min (date: 2019-08-03)\n  - Tobacco smoking status NHIS: Never smoker nan (date: 2019-08-03)\n  - Leukocytes [#/volume] in Blood by Automated count: 5.5 10*3/uL (date: 2017-07-22)\n  - Erythrocytes [#/volume] in Blood by Automated count: 5.0 10*6/uL (date: 2017-07-22)\n  - Hemoglobin [Mass/volume] in Blood: 13.8 g/dL (date: 2017-07-22)\n  - Hematocrit [Volume Fraction] of Blood by Automated count: 46.4 % (date: 2017-07-22)\n  - MCV [Entitic volume] by Automated count: 89.8 fL (date: 2017-07-22)\n  - MCH [Entitic mass] by Automated count: 31.4 pg (date: 2017-07-22)\n  - MCHC [Mass/volume] by Automated count: 35.1 g/dL (date: 2017-07-22)\n  - Erythrocyte distribution width [Entitic volume] by Automated count: 39.5 fL (date: 2017-07-22)\n  - Platelets [#/volume] in Blood by Automated count: 290.5 10*3/uL (date: 2017-07-22)\n  - Platelet distribution width [Entitic volume] in Blood by Automated count: 306.8 fL (date: 2017-07-22)\n  - Platelet mean volume [Entitic volume] in Blood by Automated count: 10.4 fL (date: 2017-07-22)\n  - Hematocrit [Volume Fraction] of Blood: 33.1 % (date: 2016-12-17)\n  - WBC Auto (Bld) [#/Vol]: 5.4 10*3/uL (date: 2016-12-17)\n  - RBC Auto (Bld) [#/Vol]: 4.5 10*6/uL (date: 2016-12-17)\n  - RDW - Erythrocyte distribution width Auto (RBC) [Entitic vol]: 39.6 fL (date: 2016-12-17)\nMEDICATIONS (5):\n  - Acetaminophen 325 MG Oral Tablet (from: 2012-05-13, to: 2012-05-27)\n  - Levora 0.15/30 28 Day Pack (from: 2015-06-06, to: 2016-05-31)\n  - 1 ML medroxyprogesterone acetate 150 MG/ML Injection (from: 2016-05-31, to: 2016-10-22)\n  - Trinessa 28 Day Pack (from: 2017-09-02, to: 2018-08-28)'}",0.032,False
MH_V2_007,multi-hop,Was patient 0f5646bc's BMI in the obese range (>=30 kg/m2) in the same wave they were diagnosed with Hypertension?,No — BMI 22.1 kg/m2 in Wave 6 (Hypertension diagnosis wave),"{'answer': ""No, the patient's BMI was 23.5 kg/m2 on 2020-03-01, but the BMI at the time of Hypertension diagnosis (2016-02-07) is not found in records for that specific date; a BMI of 23.5 kg/m2 is not in the obese range."", 'patient_id': '0f5646bc', 'waves': [], 'category': 'lookup', 'context': 'PATIENT RECORD\nPatient ID : 0f5646bc\nName       : Mickey576 Crist667\nGender     : M  |  Race: white\nBirthdate  : 1997-12-14  |  Location: Lynn, Massachusetts\n\n=== FULL HISTORY (all waves) ===\nCONDITIONS (14):\n  - Coronary Heart Disease (onset: 2010-01-03)\n  - Fracture subluxation of wrist (onset: 2011-11-06)\n  - Chronic pain (onset: 2012-03-24)\n  - Impacted molars (onset: 2012-04-30)\n  - Chronic intractable migraine without aura (onset: 2012-06-20)\n  - Acute bronchitis (disorder) (onset: 2013-07-21)\n  - Sprain of ankle (onset: 2015-09-16)\n  - Hypertension (onset: 2016-02-07)\n  - Cardiac Arrest (onset: 2017-06-04)\n  - History of cardiac arrest (situation) (onset: 2017-06-04)\n  - Viral sinusitis (disorder) (onset: 2017-06-09)\n  - Drug overdose (onset: 2019-05-06)\nOBSERVATIONS (187):\n  - Body Height: 165.7 cm (date: 2020-03-01)\n  - Pain severity - 0-10 verbal numeric rating [Score] - Reported: 0.0 {score} (date: 2020-03-01)\n  - Body Weight: 64.5 kg (date: 2020-03-01)\n  - Body Mass Index: 23.5 kg/m2 (date: 2020-03-01)\n  - Body mass index (BMI) [Percentile] Per age and gender: 34.7 % (date: 2017-02-12)\n  - Diastolic Blood Pressure: 70.0 mm[Hg] (date: 2020-03-01)\n  - Systolic Blood Pressure: 115.0 mm[Hg] (date: 2020-03-01)\n  - Heart rate: 95.0 /min (date: 2020-03-01)\n  - Respiratory rate: 15.0 /min (date: 2020-03-01)\n  - Tobacco smoking status NHIS: Former smoker nan (date: 2020-03-01)\n  - Leukocytes [#/volume] in Blood by Automated count: 10.0 10*3/uL (date: 2019-02-24)\n  - Erythrocytes [#/volume] in Blood by Automated count: 5.0 10*6/uL (date: 2019-02-24)\n  - Hemoglobin [Mass/volume] in Blood: 15.7 g/dL (date: 2019-02-24)\n  - Hematocrit [Volume Fraction] of Blood by Automated count: 42.4 % (date: 2019-02-24)\n  - MCV [Entitic volume] by Automated count: 85.2 fL (date: 2019-02-24)\n  - MCH [Entitic mass] by Automated count: 28.2 pg (date: 2019-02-24)\n  - MCHC [Mass/volume] by Automated count: 35.4 g/dL (date: 2019-02-24)\n  - Erythrocyte distribution width [Entitic volume] by Automated count: 44.6 fL (date: 2019-02-24)\n  - Platelets [#/volume] in Blood by Automated count: 303.0 10*3/uL (date: 2019-02-24)\n  - Platelet distribution width [Entitic volume] in Blood by Automated count: 351.6 fL (date: 2019-02-24)\n  - Platelet mean volume [Entitic volume] in Blood by Automated count: 10.3 fL (date: 2019-02-24)\n  - QALY: 17.0 a (date: 2019-12-14)\n  - DALY: 4.0 a (date: 2019-12-14)\n  - QOLS: 0.3 {score} (date: 2019-12-14)\nMEDICATIONS (82):\n  - Clopidogrel 75 MG Oral Tablet (from: 2010-01-03, to: 2010-01-03)\n  - Simvastatin 20 MG Oral Tablet (from: 2010-01-03, to: 2010-01-03)\n  - Amlodipine 5 MG Oral Tablet (from: 2010-01-03, to: 2010-01-03)\n  - Nitroglycerin 0.4 MG/ACTUAT Mucosal Spray (from: 2010-01-03, to: 2010-01-03)\n  - Meperidine Hydrochloride 50 MG Oral Tablet (from: 2011-11-06, to: 2012-01-24)\n  - Naproxen sodium 220 MG Oral Tablet (from: 2011-11-06, to: 2011-12-06)\n  - Abuse-Deterrent 12 HR Oxycodone Hydrochloride 15 MG Extended Release Oral Tablet (from: 2012-03-24, to: 2012-03-31)\n  - Acetaminophen 300 MG / HYDROcodone Bitartrate 5 MG Oral Tablet (from: 2012-04-30, to: 2012-05-14)\n  - Acetaminophen 325 MG / Oxycodone Hydrochloride 5 MG Oral Tablet (from: 2012-06-20, to: 2012-07-25)\n  - Acetaminophen 325 MG Oral Tablet (from: 2013-07-21, to: 2013-07-28)\n  - Hydrochlorothiazide 25 MG Oral Tablet (from: 2016-02-07, to: 2016-03-08)\n  - Atenolol 50 MG / Chlorthalidone 25 MG Oral Tablet (from: 2016-03-08, to: 2017-02-12)\n  - 1 ML Epinephrine 1 MG/ML Injection (from: 2017-06-04, to: 2017-06-04)\n  - 3 ML Amiodarone hydrocholoride 50 MG/ML Prefilled Syringe (from: 2017-06-04, to: 2017-06-04)\n  - Atropine Sulfate 1 MG/ML Injectable Solution (from: 2017-06-04, to: 2017-06-04)'}",0.024,False
MH_V2_008,multi-hop,What was patient acb4817f's recorded glucose level in the wave they were first diagnosed with Prediabetes?,70.3 mg/dL in Wave 6,"{'answer': 'Not found in records.', 'patient_id': 'acb4817f', 'waves': [], 'category': 'lookup', 'context': 'PATIENT RECORD\nPatient ID : acb4817f\nName       : Frankie174 Heathcote539\nGender     : F  |  Race: white\nBirthdate  : 1983-09-12  |  Location: Abington, Massachusetts\n\n=== FULL HISTORY (all waves) ===\nCONDITIONS (7):\n  - Viral sinusitis (disorder) (onset: 2012-09-14)\n  - Normal pregnancy (onset: 2016-04-18)\n  - Acute bronchitis (disorder) (onset: 2017-07-05)\n  - Prediabetes (onset: 2017-07-17)\n  - Anemia (disorder) (onset: 2017-07-17)\nOBSERVATIONS (117):\n  - Body Height: 157.4 cm (date: 2017-11-27)\n  - Pain severity - 0-10 verbal numeric rating [Score] - Reported: 1.0 {score} (date: 2017-11-27)\n  - Body Weight: 67.8 kg (date: 2017-11-27)\n  - Body Mass Index: 27.4 kg/m2 (date: 2017-11-27)\n  - Diastolic Blood Pressure: 80.0 mm[Hg] (date: 2017-11-27)\n  - Systolic Blood Pressure: 120.0 mm[Hg] (date: 2017-11-27)\n  - Heart rate: 66.0 /min (date: 2017-11-27)\n  - Respiratory rate: 14.0 /min (date: 2017-11-27)\n  - Leukocytes [#/volume] in Blood by Automated count: 6.5 10*3/uL (date: 2017-07-17)\n  - Erythrocytes [#/volume] in Blood by Automated count: 4.0 10*6/uL (date: 2017-07-17)\n  - Hemoglobin [Mass/volume] in Blood: 15.3 g/dL (date: 2017-07-17)\n  - Hematocrit [Volume Fraction] of Blood by Automated count: 36.6 % (date: 2017-07-17)\n  - MCV [Entitic volume] by Automated count: 85.5 fL (date: 2017-07-17)\n  - MCH [Entitic mass] by Automated count: 32.7 pg (date: 2017-07-17)\n  - MCHC [Mass/volume] by Automated count: 34.0 g/dL (date: 2017-07-17)\n  - Erythrocyte distribution width [Entitic volume] by Automated count: 41.0 fL (date: 2017-07-17)\n  - Platelets [#/volume] in Blood by Automated count: 247.3 10*3/uL (date: 2017-07-17)\n  - Platelet distribution width [Entitic volume] in Blood by Automated count: 155.8 fL (date: 2017-07-17)\n  - Platelet mean volume [Entitic volume] in Blood by Automated count: 10.9 fL (date: 2017-07-17)\n  - Tobacco smoking status NHIS: Former smoker nan (date: 2017-11-27)\n  - Total Cholesterol: 193.8 mg/dL (date: 2017-11-27)\n  - Triglycerides: 119.9 mg/dL (date: 2017-11-27)\n  - Low Density Lipoprotein Cholesterol: 90.5 mg/dL (date: 2017-11-27)\n  - High Density Lipoprotein Cholesterol: 79.3 mg/dL (date: 2017-11-27)\n  - Hemoglobin A1c/Hemoglobin.total in Blood: 6.1 % (date: 2017-11-27)\nMEDICATIONS (6):\n  - Trinessa 28 Day Pack (from: 2009-10-29, to: 2010-10-24)\n  - Seasonique 91 Day Pack (from: 2013-10-13, to: 2014-10-08)\n  - Mirena 52 MG Intrauterine System (from: 2014-10-08, to: 2015-10-08)\n  - Acetaminophen 325 MG Oral Tablet (from: 2017-07-05, to: 2017-07-12)\n  - Yaz 28 Day Pack (from: 2019-12-25, to: ongoing)'}",0.013,False
MH_V2_009,multi-hop,Was patient 2ffe9369 already diagnosed with Hypertension before they were prescribed Hydrochlorothiazide 25 MG Oral Tablet?,"Yes — Hypertension Wave 1 (1976-08-24), medication prescribed Wave 1 (1976-08-24)","{'answer': 'Not found in records.', 'patient_id': '2ffe9369', 'waves': [], 'category': 'lookup', 'context': 'PATIENT RECORD\nPatient ID : 2ffe9369\nName       : Amada498 Reichert620\nGender     : F  |  Race: white\nBirthdate  : 1958-07-01  |  Location: Foxborough, Massachusetts\n\n=== FULL HISTORY (all waves) ===\nCONDITIONS (5):\n  - Viral sinusitis (disorder) (onset: 2012-08-01)\n  - Fracture of forearm (onset: 2014-01-22)\n  - Streptococcal sore throat (disorder) (onset: 2016-05-02)\nOBSERVATIONS (246):\n  - Body Height: 158.8 cm (date: 2020-04-28)\n  - Pain severity - 0-10 verbal numeric rating [Score] - Reported: 2.0 {score} (date: 2020-04-28)\n  - Body Weight: 76.8 kg (date: 2020-04-28)\n  - Body Mass Index: 30.5 kg/m2 (date: 2020-04-28)\n  - Diastolic Blood Pressure: 76.0 mm[Hg] (date: 2020-04-28)\n  - Systolic Blood Pressure: 133.0 mm[Hg] (date: 2020-04-28)\n  - Heart rate: 84.0 /min (date: 2020-04-28)\n  - Respiratory rate: 13.0 /min (date: 2020-04-28)\n  - Glucose: 83.1 mg/dL (date: 2020-04-28)\n  - Urea Nitrogen: 18.8 mg/dL (date: 2020-04-28)\n  - Creatinine: 0.8 mg/dL (date: 2020-04-28)\n  - Calcium: 9.8 mg/dL (date: 2020-04-28)\n  - Sodium: 143.0 mmol/L (date: 2020-04-28)\n  - Potassium: 4.1 mmol/L (date: 2020-04-28)\n  - Chloride: 107.0 mmol/L (date: 2020-04-28)\n  - Carbon Dioxide: 28.5 mmol/L (date: 2020-04-28)\n  - Tobacco smoking status NHIS: Former smoker nan (date: 2020-04-28)\n  - Hemoglobin A1c/Hemoglobin.total in Blood: 5.8 % (date: 2020-04-28)\n  - Total Cholesterol: 197.0 mg/dL (date: 2019-04-23)\n  - Triglycerides: 121.0 mg/dL (date: 2019-04-23)\n  - Low Density Lipoprotein Cholesterol: 105.1 mg/dL (date: 2019-04-23)\n  - High Density Lipoprotein Cholesterol: 67.8 mg/dL (date: 2019-04-23)\n  - DXA [T-score] Bone density: -0.3 {T-score} (date: 2014-01-22)\n  - Leukocytes [#/volume] in Blood by Automated count: 7.7 10*3/uL (date: 2020-04-28)\n  - Erythrocytes [#/volume] in Blood by Automated count: 3.9 10*6/uL (date: 2020-04-28)\nMEDICATIONS (33):\n  - Hydrochlorothiazide 25 MG Oral Tablet (from: 1990-11-13, to: 1991-11-19)\n  - Naproxen sodium 220 MG Oral Tablet (from: 2014-01-22, to: 2014-02-21)\n  - Penicillin V Potassium 500 MG Oral Tablet (from: 2016-05-02, to: 2016-05-14)'}",0.046,False
MH_V2_010,multi-hop,How did patient 0982ef39's average heart rate change between the wave before and the wave of their first chronic condition diagnosis (Body mass index 30+ - obesity (finding))?,"HR was 78.2 /min before (Wave 5), 78.2 /min in diagnosis wave (Wave 6)","{'answer': 'Not found in records.', 'patient_id': '0982ef39', 'waves': [], 'category': 'aggregate', 'context': 'PATIENT RECORD\nPatient ID : 0982ef39\nName       : Stasia733 Kirlin939\nGender     : F  |  Race: other\nBirthdate  : 1998-12-14  |  Location: Carver, Massachusetts\n\n=== FULL HISTORY (all waves) ===\nCONDITIONS (12):\n  - Child attention deficit disorder (onset: 2012-12-10)\n  - Acute viral pharyngitis (disorder) (onset: 2013-05-01)\n  - Acute bronchitis (disorder) (onset: 2016-10-12)\n  - Body mass index 30+ - obesity (finding) (onset: 2017-02-06)\n  - Hypertension (onset: 2017-02-06)\n  - Normal pregnancy (onset: 2017-02-20)\n  - Sinusitis (disorder) (onset: 2019-11-01)\n  - Miscarriage in first trimester (onset: 2020-03-16)\n  - Fetus with unknown complication (onset: 2020-03-16)\nOBSERVATIONS (182):\n  - Body Height: 162.2 cm (date: 2020-02-24)\n  - Pain severity - 0-10 verbal numeric rating [Score] - Reported: 0.0 {score} (date: 2020-02-24)\n  - Body Weight: 67.1 kg (date: 2020-02-24)\n  - Body Mass Index: 25.5 kg/m2 (date: 2020-02-24)\n  - Body mass index (BMI) [Percentile] Per age and gender: 82.2 % (date: 2018-02-12)\n  - Diastolic Blood Pressure: 87.0 mm[Hg] (date: 2020-02-24)\n  - Systolic Blood Pressure: 123.0 mm[Hg] (date: 2020-02-24)\n  - Heart rate: 74.0 /min (date: 2020-02-24)\n  - Respiratory rate: 14.0 /min (date: 2020-02-24)\n  - Tobacco smoking status NHIS: Never smoker nan (date: 2020-02-24)\n  - Body temperature: 37.6 Cel (date: 2013-05-01)\n  - Leukocytes [#/volume] in Blood by Automated count: 4.8 10*3/uL (date: 2020-02-24)\n  - Erythrocytes [#/volume] in Blood by Automated count: 5.0 10*6/uL (date: 2020-02-24)\n  - Hemoglobin [Mass/volume] in Blood: 12.4 g/dL (date: 2020-02-24)\n  - Hematocrit [Volume Fraction] of Blood by Automated count: 39.2 % (date: 2020-02-24)\n  - MCV [Entitic volume] by Automated count: 86.3 fL (date: 2020-02-24)\n  - MCH [Entitic mass] by Automated count: 32.6 pg (date: 2020-02-24)\n  - MCHC [Mass/volume] by Automated count: 35.2 g/dL (date: 2020-02-24)\n  - Erythrocyte distribution width [Entitic volume] by Automated count: 45.6 fL (date: 2020-02-24)\n  - Platelets [#/volume] in Blood by Automated count: 394.2 10*3/uL (date: 2020-02-24)\n  - Platelet distribution width [Entitic volume] in Blood by Automated count: 377.4 fL (date: 2020-02-24)\n  - Platelet mean volume [Entitic volume] in Blood by Automated count: 11.1 fL (date: 2020-02-24)\n  - QALY: 19.8 a (date: 2019-12-14)\n  - DALY: 0.2 a (date: 2019-12-14)\n  - QOLS: 1.0 {score} (date: 2019-12-14)\nMEDICATIONS (8):\n  - atomoxetine 100 MG Oral Capsule (from: 2012-12-10, to: 2016-12-19)\n  - Acetaminophen 325 MG Oral Tablet (from: 2016-10-12, to: 2016-10-26)\n  - Hydrochlorothiazide 12.5 MG (from: 2017-02-06, to: 2018-02-12)'}",0.029,False
MH_V2_011,multi-hop,How many medications was patient 03963166 taking in the wave when their BMI was highest?,"0 medications in Wave 5 (peak BMI wave, avg BMI = 30.4 kg/m2)","{'answer': '0 medications.', 'patient_id': '03963166', 'waves': [], 'category': 'aggregate', 'context': 'PATIENT RECORD\nPatient ID : 03963166\nName       : Jacob959 Daniel959\nGender     : M  |  Race: white\nBirthdate  : 1979-08-19  |  Location: Norwood, Massachusetts\n\n=== FULL HISTORY (all waves) ===\nCONDITIONS (2):\n  - Body mass index 30+ - obesity (finding) (onset: 1993-09-19)\n  - Acute viral pharyngitis (disorder) (onset: 2010-09-29)\nOBSERVATIONS (107):\n  - Sexual orientation: heterosexual {nominal} (date: 2010-06-07)\n  - HIV status: not HIV positive {nominal} (date: 2010-06-07)\n  - Abuse Status [OMAHA]: No signs/symptoms {nominal} (date: 2010-06-07)\n  - Housing status: Patient is homeless {nominal} (date: 2010-06-07)\n  - Are you covered by health insurance or some other kind of health care plan [PhenX]: No {nominal} (date: 2010-06-07)\n  - History of Hospitalizations+Outpatient visits: 6.3 {count} (date: 2010-06-07)\n  - Body temperature: 37.2 Cel (date: 2010-09-29)\n  - Body Height: 193.3 cm (date: 2019-08-25)\n  - Pain severity - 0-10 verbal numeric rating [Score] - Reported: 1.0 {score} (date: 2019-08-25)\n  - Body Weight: 113.5 kg (date: 2019-08-25)\n  - Body Mass Index: 30.4 kg/m2 (date: 2019-08-25)\n  - Diastolic Blood Pressure: 82.0 mm[Hg] (date: 2019-08-25)\n  - Systolic Blood Pressure: 113.0 mm[Hg] (date: 2019-08-25)\n  - Heart rate: 91.0 /min (date: 2019-08-25)\n  - Respiratory rate: 13.0 /min (date: 2019-08-25)\n  - Total Cholesterol: 193.8 mg/dL (date: 2016-11-06)\n  - Triglycerides: 144.5 mg/dL (date: 2016-11-06)\n  - Low Density Lipoprotein Cholesterol: 90.2 mg/dL (date: 2016-11-06)\n  - High Density Lipoprotein Cholesterol: 74.7 mg/dL (date: 2016-11-06)\n  - Tobacco smoking status NHIS: Never smoker nan (date: 2019-08-25)\n  - Leukocytes [#/volume] in Blood by Automated count: 8.9 10*3/uL (date: 2019-08-25)\n  - Erythrocytes [#/volume] in Blood by Automated count: 4.3 10*6/uL (date: 2019-08-25)\n  - Hemoglobin [Mass/volume] in Blood: 14.1 g/dL (date: 2019-08-25)\n  - Hematocrit [Volume Fraction] of Blood by Automated count: 37.2 % (date: 2019-08-25)\n  - MCV [Entitic volume] by Automated count: 81.2 fL (date: 2019-08-25)\nMEDICATIONS (0):\n  None recorded'}",0.031,False
MH_V2_012,multi-hop,How old was patient 0606d624 when they were first diagnosed with a chronic condition (no stop date)?,"Age 40 (born 1947, diagnosed 1987 in Wave 1: Body mass index 30+ - obesity (finding))","{'answer': 'The patient was first diagnosed with a chronic condition (Hyperlipidemia) at the age of 44 years.', 'patient_id': '0606d624', 'waves': [], 'category': 'lookup', 'context': 'PATIENT RECORD\nPatient ID : 0606d624\nName       : Ramon749 Zieme486\nGender     : M  |  Race: asian\nBirthdate  : 1947-11-26  |  Location: Boston, Massachusetts\n\n=== FULL HISTORY (all waves) ===\nCONDITIONS (7):\n  - Hyperlipidemia (onset: 1991-12-11)\n  - Viral sinusitis (disorder) (onset: 1994-06-16)\n  - Acute bronchitis (disorder) (onset: 1995-06-18)\n  - Acute viral pharyngitis (disorder) (onset: 1995-08-18)\n  - Streptococcal sore throat (disorder) (onset: 2000-05-03)\n  - Chronic congestive heart failure (disorder) (onset: 2002-12-01)\nOBSERVATIONS (316):\n  - Glucose: 98.5 mg/dL (date: 2003-12-17)\n  - Urea Nitrogen: 13.5 mg/dL (date: 2003-12-17)\n  - Creatinine: 1.0 mg/dL (date: 2003-12-17)\n  - Calcium: 9.5 mg/dL (date: 2003-12-17)\n  - Sodium: 143.4 mmol/L (date: 2003-12-17)\n  - Potassium: 4.2 mmol/L (date: 2003-12-17)\n  - Chloride: 104.8 mmol/L (date: 2003-12-17)\n  - Carbon Dioxide: 28.0 mmol/L (date: 2003-12-17)\n  - Glomerular filtration rate/1.73 sq M.predicted: 26.1 mL/min (date: 2003-12-17)\n  - Protein [Mass/volume] in Serum or Plasma: 62.6 g/dL (date: 2003-12-17)\n  - Albumin [Mass/volume] in Serum or Plasma: 4.6 g/dL (date: 2003-12-17)\n  - Globulin [Mass/volume] in Serum by calculation: 3.3 g/L (date: 2003-12-17)\n  - Bilirubin.total [Mass/volume] in Serum or Plasma: 0.9 mg/dL (date: 2003-12-17)\n  - Alkaline phosphatase [Enzymatic activity/volume] in Serum or Plasma: 88.6 U/L (date: 2003-12-17)\n  - Alanine aminotransferase [Enzymatic activity/volume] in Serum or Plasma: 20.7 U/L (date: 2003-12-17)\n  - Aspartate aminotransferase [Enzymatic activity/volume] in Serum or Plasma: 7.8 U/L (date: 2003-12-17)\n  - Total Cholesterol: 185.9 mg/dL (date: 2002-12-29)\n  - Triglycerides: 161.3 mg/dL (date: 2002-12-29)\n  - Low Density Lipoprotein Cholesterol: 105.1 mg/dL (date: 2002-12-29)\n  - High Density Lipoprotein Cholesterol: 62.3 mg/dL (date: 2002-12-29)\n  - Body temperature: 38.2 Cel (date: 2000-05-03)\n  - Body Height: 169.7 cm (date: 2002-12-25)\n  - Pain severity - 0-10 verbal numeric rating [Score] - Reported: 3.0 {score} (date: 2002-12-25)\n  - Body Weight: 87.8 kg (date: 2002-12-25)\n  - Body Mass Index: 30.5 kg/m2 (date: 2002-12-25)\nMEDICATIONS (19):\n  - Simvastatin 10 MG Oral Tablet (from: 1992-01-01, to: 2002-12-29)\n  - Amoxicillin 250 MG / Clavulanate 125 MG Oral Tablet (from: 1994-06-16, to: 1994-06-23)\n  - Acetaminophen 325 MG Oral Tablet (from: 1995-06-18, to: 1995-06-25)\n  - Penicillin V Potassium 500 MG Oral Tablet (from: 2000-05-03, to: 2000-05-11)\n  - 24 HR metoprolol succinate 100 MG Extended Release Oral Tablet [Toprol] (from: 2002-12-22, to: ongoing)\n  - Furosemide 40 MG Oral Tablet (from: 2002-12-22, to: ongoing)\n  - 10 ML Furosemide 10 MG/ML Injection (from: 2003-12-17, to: ongoing)'}",0.041,False
MH_V2_013,multi-hop,How did the number of observations recorded for patient 09fc03c4 change in the wave they were diagnosed with Acute bacterial sinusitis (disorder) compared to the prior wave?,Observations increased from 20 (Wave 3) to 62 (Wave 4),"{'answer': 'Not found in records.', 'patient_id': '09fc03c4', 'waves': [], 'category': 'trend', 'context': 'PATIENT RECORD\nPatient ID : 09fc03c4\nName       : Elijah719 Zboncak558\nGender     : M  |  Race: white\nBirthdate  : 1991-06-18  |  Location: Lawrence, Massachusetts\n\n=== FULL HISTORY (all waves) ===\nCONDITIONS (7):\n  - Acute bacterial sinusitis (disorder) (onset: 2008-05-05)\n  - Acute viral pharyngitis (disorder) (onset: 2009-01-10)\n  - Major depression  single episode (onset: 2010-08-03)\n  - Major depression disorder (onset: 2010-08-03)\n  - Sprain of ankle (onset: 2011-08-02)\n  - Drug overdose (onset: 2013-04-29)\nOBSERVATIONS (157):\n  - Body Height: 186.6 cm (date: 2010-08-17)\n  - Pain severity - 0-10 verbal numeric rating [Score] - Reported: 6.0 {score} (date: 2012-03-26)\n  - Body Weight: 74.5 kg (date: 2010-08-17)\n  - Body Mass Index: 21.4 kg/m2 (date: 2010-08-17)\n  - Body mass index (BMI) [Percentile] Per age and gender: 33.8 % (date: 2010-08-17)\n  - Diastolic Blood Pressure: 85.0 mm[Hg] (date: 2010-08-17)\n  - Systolic Blood Pressure: 119.0 mm[Hg] (date: 2010-08-17)\n  - Heart rate: 66.0 /min (date: 2010-08-17)\n  - Respiratory rate: 16.0 /min (date: 2010-08-17)\n  - Tobacco smoking status NHIS: Never smoker nan (date: 2010-08-17)\n  - Leukocytes [#/volume] in Blood by Automated count: 9.0 10*3/uL (date: 2007-07-31)\n  - Erythrocytes [#/volume] in Blood by Automated count: 5.4 10*6/uL (date: 2007-07-31)\n  - Hemoglobin [Mass/volume] in Blood: 16.1 g/dL (date: 2007-07-31)\n  - Hematocrit [Volume Fraction] of Blood by Automated count: 41.8 % (date: 2007-07-31)\n  - MCV [Entitic volume] by Automated count: 92.4 fL (date: 2007-07-31)\n  - MCH [Entitic mass] by Automated count: 27.0 pg (date: 2007-07-31)\n  - MCHC [Mass/volume] by Automated count: 33.8 g/dL (date: 2007-07-31)\n  - Erythrocyte distribution width [Entitic volume] by Automated count: 41.0 fL (date: 2007-07-31)\n  - Platelets [#/volume] in Blood by Automated count: 212.3 10*3/uL (date: 2007-07-31)\n  - Platelet distribution width [Entitic volume] in Blood by Automated count: 392.4 fL (date: 2007-07-31)\n  - Platelet mean volume [Entitic volume] in Blood by Automated count: 11.1 fL (date: 2007-07-31)\n  - Body temperature: 37.5 Cel (date: 2010-03-23)\n  - Mental health Outpatient Note: 1.0 {nominal} (date: 2011-12-08)\n  - QALY: 20.0 a (date: 2013-06-18)\n  - DALY: 1.0 a (date: 2013-06-18)\nMEDICATIONS (7):\n  - FLUoxetine 20 MG Oral Capsule (from: 2010-08-03, to: 2010-08-14)\n  - Acetaminophen 325 MG / HYDROcodone Bitartrate 7.5 MG Oral Tablet (from: 2010-08-03, to: 2010-08-31)\n  - Acetaminophen 325 MG / oxyCODONE Hydrochloride 5 MG Oral Tablet (from: 2011-05-30, to: 2011-07-25)\n  - Naproxen sodium 220 MG Oral Tablet (from: 2011-08-02, to: 2011-08-16)'}",0.029,False
MH_V2_014,multi-hop,In which wave were both 'Hypertension' and 'Body mass index 30+ - obesity (finding)' first diagnosed for patient 066c0f3d?,Both first diagnosed in Wave 1 (Hypertension: 1975-01-19; Body mass index 30+ - obesity (finding): 1992-12-27),"{'answer': 'Not found in records.', 'patient_id': '066c0f3d', 'waves': [], 'category': 'multi_hop', 'context': 'PATIENT RECORD\nPatient ID : 066c0f3d\nName       : Floyd420 Conroy74\nGender     : M  |  Race: white\nBirthdate  : 1956-11-25  |  Location: Uxbridge, Massachusetts\n\n=== FULL HISTORY (all waves) ===\nCONDITIONS (10):\n  - Body mass index 30+ - obesity (finding) (onset: 1992-12-27)\n  - Chronic sinusitis (disorder) (onset: 1996-04-05)\n  - Hyperlipidemia (onset: 1997-05-25)\n  - Prediabetes (onset: 2002-06-23)\n  - Anemia (disorder) (onset: 2003-06-29)\n  - Acute viral pharyngitis (disorder) (onset: 2010-05-02)\n  - Viral sinusitis (disorder) (onset: 2012-12-24)\n  - Sinusitis (disorder) (onset: 2014-03-31)\n  - Chronic congestive heart failure (disorder) (onset: 2019-11-22)\nOBSERVATIONS (456):\n  - Glucose: 85.4 mg/dL (date: 2019-11-22)\n  - Urea Nitrogen: 17.4 mg/dL (date: 2019-11-22)\n  - Creatinine: 0.9 mg/dL (date: 2019-11-22)\n  - Calcium: 8.9 mg/dL (date: 2019-11-22)\n  - Sodium: 139.2 mmol/L (date: 2019-11-22)\n  - Potassium: 4.4 mmol/L (date: 2019-11-22)\n  - Chloride: 102.4 mmol/L (date: 2019-11-22)\n  - Carbon Dioxide: 21.6 mmol/L (date: 2019-11-22)\n  - Glomerular filtration rate/1.73 sq M.predicted: 67.8 mL/min (date: 2019-06-10)\n  - Protein [Mass/volume] in Serum or Plasma: 68.9 g/dL (date: 2019-06-10)\n  - Albumin [Mass/volume] in Serum or Plasma: 4.0 g/dL (date: 2019-06-10)\n  - Globulin [Mass/volume] in Serum by calculation: 3.5 g/L (date: 2019-06-10)\n  - Bilirubin.total [Mass/volume] in Serum or Plasma: 0.3 mg/dL (date: 2019-06-10)\n  - Alkaline phosphatase [Enzymatic activity/volume] in Serum or Plasma: 109.0 U/L (date: 2019-06-10)\n  - Alanine aminotransferase [Enzymatic activity/volume] in Serum or Plasma: 59.7 U/L (date: 2019-06-10)\n  - Aspartate aminotransferase [Enzymatic activity/volume] in Serum or Plasma: 23.6 U/L (date: 2019-06-10)\n  - Total Cholesterol: 165.1 mg/dL (date: 2019-06-10)\n  - Triglycerides: 143.3 mg/dL (date: 2019-06-10)\n  - Low Density Lipoprotein Cholesterol: 122.8 mg/dL (date: 2019-06-10)\n  - High Density Lipoprotein Cholesterol: 62.7 mg/dL (date: 2019-06-10)\n  - Body Height: 172.9 cm (date: 2019-09-29)\n  - Pain severity - 0-10 verbal numeric rating [Score] - Reported: 0.0 {score} (date: 2019-09-29)\n  - Body Weight: 84.0 kg (date: 2019-09-29)\n  - Body Mass Index: 28.1 kg/m2 (date: 2019-09-29)\n  - Diastolic Blood Pressure: 82.0 mm[Hg] (date: 2019-09-29)\nMEDICATIONS (58):\n  - Hydrochlorothiazide 12.5 MG (from: 1990-04-15, to: 1991-04-21)\n  - Simvastatin 10 MG Oral Tablet (from: 1997-06-15, to: 2019-06-10)\n  - 24 HR metoprolol succinate 100 MG Extended Release Oral Tablet [Toprol] (from: 2019-12-13, to: ongoing)\n  - Furosemide 40 MG Oral Tablet (from: 2019-12-13, to: ongoing)'}",0.054,False
MH_V2_015,multi-hop,Was patient 278c5ad9's average Systolic Blood Pressure lower after they started taking Acetaminophen 325 MG Oral Tablet compared to before?,No — avg SBP before: 111.0 mm[Hg]; after: 117.0 mm[Hg],"{'answer': 'Not found in records.', 'patient_id': '278c5ad9', 'waves': [], 'category': 'trend', 'context': 'PATIENT RECORD\nPatient ID : 278c5ad9\nName       : Joanna347 Hermiston71\nGender     : F  |  Race: white\nBirthdate  : 1969-04-13  |  Location: East Longmeadow, Massachusetts\n\n=== FULL HISTORY (all waves) ===\nCONDITIONS (7):\n  - Body mass index 30+ - obesity (finding) (onset: 2003-06-29)\n  - Viral sinusitis (disorder) (onset: 2010-07-31)\n  - Acute bronchitis (disorder) (onset: 2012-10-12)\n  - Fracture subluxation of wrist (onset: 2016-04-30)\nOBSERVATIONS (119):\n  - Body Height: 167.1 cm (date: 2020-04-19)\n  - Pain severity - 0-10 verbal numeric rating [Score] - Reported: 2.0 {score} (date: 2020-04-19)\n  - Body Weight: 78.7 kg (date: 2020-04-19)\n  - Body Mass Index: 28.2 kg/m2 (date: 2020-04-19)\n  - Diastolic Blood Pressure: 87.0 mm[Hg] (date: 2020-04-19)\n  - Systolic Blood Pressure: 104.0 mm[Hg] (date: 2020-04-19)\n  - Heart rate: 75.0 /min (date: 2020-04-19)\n  - Respiratory rate: 15.0 /min (date: 2020-04-19)\n  - Total Cholesterol: 167.9 mg/dL (date: 2019-04-14)\n  - Triglycerides: 121.6 mg/dL (date: 2019-04-14)\n  - Low Density Lipoprotein Cholesterol: 74.8 mg/dL (date: 2019-04-14)\n  - High Density Lipoprotein Cholesterol: 68.8 mg/dL (date: 2019-04-14)\n  - Tobacco smoking status NHIS: Never smoker nan (date: 2020-04-19)\n  - Leukocytes [#/volume] in Blood by Automated count: 5.6 10*3/uL (date: 2015-05-03)\n  - Erythrocytes [#/volume] in Blood by Automated count: 5.4 10*6/uL (date: 2015-05-03)\n  - Hemoglobin [Mass/volume] in Blood: 15.9 g/dL (date: 2015-05-03)\n  - Hematocrit [Volume Fraction] of Blood by Automated count: 38.8 % (date: 2015-05-03)\n  - MCV [Entitic volume] by Automated count: 88.5 fL (date: 2015-05-03)\n  - MCH [Entitic mass] by Automated count: 30.6 pg (date: 2015-05-03)\n  - MCHC [Mass/volume] by Automated count: 35.4 g/dL (date: 2015-05-03)\n  - Erythrocyte distribution width [Entitic volume] by Automated count: 40.8 fL (date: 2015-05-03)\n  - Platelets [#/volume] in Blood by Automated count: 322.4 10*3/uL (date: 2015-05-03)\n  - Platelet distribution width [Entitic volume] in Blood by Automated count: 220.6 fL (date: 2015-05-03)\n  - Platelet mean volume [Entitic volume] in Blood by Automated count: 10.3 fL (date: 2015-05-03)\n  - QALY: 50.0 a (date: 2020-04-13)\nMEDICATIONS (2):\n  - Acetaminophen 325 MG Oral Tablet (from: 2012-10-12, to: 2012-10-26)\n  - Naproxen sodium 220 MG Oral Tablet (from: 2016-04-30, to: 2016-05-30)'}",0.015,False
MH_V2_016,multi-hop,Did patient 6d4312d1's body weight increase in the same wave they were diagnosed with Sprain of ankle?,"Yes — weight 4.4 kg (Wave 5), 10.8 kg (Wave 6)","{'answer': 'Not found in records.', 'patient_id': '6d4312d1', 'waves': [], 'category': 'lookup', 'context': 'PATIENT RECORD\nPatient ID : 6d4312d1\nName       : Lyle846 Gusikowski974\nGender     : M  |  Race: white\nBirthdate  : 2014-05-22  |  Location: Peabody, Massachusetts\n\n=== FULL HISTORY (all waves) ===\nCONDITIONS (2):\n  - Sprain of ankle (onset: 2015-03-18)\n  - Otitis media (onset: 2019-11-22)\nOBSERVATIONS (177):\n  - Body Height: 99.0 cm (date: 2019-05-02)\n  - Pain severity - 0-10 verbal numeric rating [Score] - Reported: 3.0 {score} (date: 2019-05-02)\n  - Body Weight: 14.6 kg (date: 2019-05-02)\n  - Weight-for-length Per age and sex: 19.0 % (date: 2018-04-26)\n  - Head Occipital-frontal circumference: 46.1 cm (date: 2018-04-26)\n  - Diastolic Blood Pressure: 86.0 mm[Hg] (date: 2019-05-02)\n  - Systolic Blood Pressure: 134.0 mm[Hg] (date: 2019-05-02)\n  - Heart rate: 69.0 /min (date: 2019-05-02)\n  - Respiratory rate: 14.0 /min (date: 2019-05-02)\n  - Leukocytes [#/volume] in Blood by Automated count: 9.0 10*3/uL (date: 2014-05-22)\n  - Erythrocytes [#/volume] in Blood by Automated count: 5.4 10*6/uL (date: 2014-05-22)\n  - Hemoglobin [Mass/volume] in Blood: 15.8 g/dL (date: 2014-05-22)\n  - Hematocrit [Volume Fraction] of Blood by Automated count: 36.3 % (date: 2014-05-22)\n  - MCV [Entitic volume] by Automated count: 85.9 fL (date: 2014-05-22)\n  - MCH [Entitic mass] by Automated count: 30.0 pg (date: 2014-05-22)\n  - MCHC [Mass/volume] by Automated count: 33.1 g/dL (date: 2014-05-22)\n  - Erythrocyte distribution width [Entitic volume] by Automated count: 39.6 fL (date: 2014-05-22)\n  - Platelets [#/volume] in Blood by Automated count: 255.6 10*3/uL (date: 2014-05-22)\n  - Platelet distribution width [Entitic volume] in Blood by Automated count: 284.4 fL (date: 2014-05-22)\n  - Platelet mean volume [Entitic volume] in Blood by Automated count: 10.7 fL (date: 2014-05-22)\n  - Tobacco smoking status NHIS: Never smoker nan (date: 2019-05-02)\n  - Body Mass Index: 14.9 kg/m2 (date: 2019-05-02)\n  - Body mass index (BMI) [Percentile] Per age and gender: 32.0 % (date: 2019-05-02)\n  - QALY: 4.0 a (date: 2019-05-22)\n  - DALY: 0.0 a (date: 2019-05-22)\nMEDICATIONS (2):\n  - Acetaminophen 160 MG Chewable Tablet (from: 2015-03-18, to: 2015-04-22)'}",0.03,False
MH_V2_017,multi-hop,Was patient 21838b2e's BMI above 25 kg/m2 in the wave they were first prescribed any medication?,Yes — BMI 30.6 kg/m2 in Wave 5 (first medication wave),"{'answer': 'Yes, BMI was 28.2 kg/m2 (date: 2019-12-12), but the first medication was prescribed on 2011-06-20. The BMI on or before 2011-06-20 is not found in records for that specific date, however, a BMI of 28.2 kg/m2 was recorded later. The first recorded BMI above 25 kg/m2 before the first medication is not found, but the patient had a condition of Body mass index 30+ - obesity (finding) (onset: 2010-02-11).', 'patient_id': '21838b2e', 'waves': [], 'category': 'lookup', 'context': 'PATIENT RECORD\nPatient ID : 21838b2e\nName       : Clark193 Hilll811\nGender     : M  |  Race: white\nBirthdate  : 1975-11-27  |  Location: Framingham, Massachusetts\n\n=== FULL HISTORY (all waves) ===\nCONDITIONS (5):\n  - Body mass index 30+ - obesity (finding) (onset: 2010-02-11)\n  - Viral sinusitis (disorder) (onset: 2011-06-20)\n  - Acute viral pharyngitis (disorder) (onset: 2014-09-01)\n  - Acute bronchitis (disorder) (onset: 2017-04-30)\n  - Fracture of ankle (onset: 2020-01-05)\nOBSERVATIONS (95):\n  - Body Height: 160.1 cm (date: 2019-12-12)\n  - Pain severity - 0-10 verbal numeric rating [Score] - Reported: 2.0 {score} (date: 2019-12-12)\n  - Body Weight: 72.2 kg (date: 2019-12-12)\n  - Body Mass Index: 28.2 kg/m2 (date: 2019-12-12)\n  - Diastolic Blood Pressure: 80.0 mm[Hg] (date: 2019-12-12)\n  - Systolic Blood Pressure: 116.0 mm[Hg] (date: 2019-12-12)\n  - Heart rate: 70.0 /min (date: 2019-12-12)\n  - Respiratory rate: 13.0 /min (date: 2019-12-12)\n  - Total Cholesterol: 160.6 mg/dL (date: 2017-05-11)\n  - Triglycerides: 101.6 mg/dL (date: 2017-05-11)\n  - Low Density Lipoprotein Cholesterol: 65.7 mg/dL (date: 2017-05-11)\n  - High Density Lipoprotein Cholesterol: 74.6 mg/dL (date: 2017-05-11)\n  - Tobacco smoking status NHIS: Never smoker nan (date: 2019-12-12)\n  - Body temperature: 37.0 Cel (date: 2014-09-01)\n  - Leukocytes [#/volume] in Blood by Automated count: 6.6 10*3/uL (date: 2015-12-03)\n  - Erythrocytes [#/volume] in Blood by Automated count: 5.0 10*6/uL (date: 2015-12-03)\n  - Hemoglobin [Mass/volume] in Blood: 16.3 g/dL (date: 2015-12-03)\n  - Hematocrit [Volume Fraction] of Blood by Automated count: 41.6 % (date: 2015-12-03)\n  - MCV [Entitic volume] by Automated count: 90.8 fL (date: 2015-12-03)\n  - MCH [Entitic mass] by Automated count: 30.9 pg (date: 2015-12-03)\n  - MCHC [Mass/volume] by Automated count: 34.4 g/dL (date: 2015-12-03)\n  - Erythrocyte distribution width [Entitic volume] by Automated count: 42.7 fL (date: 2015-12-03)\n  - Platelets [#/volume] in Blood by Automated count: 343.5 10*3/uL (date: 2015-12-03)\n  - Platelet distribution width [Entitic volume] in Blood by Automated count: 424.3 fL (date: 2015-12-03)\n  - Platelet mean volume [Entitic volume] in Blood by Automated count: 10.9 fL (date: 2015-12-03)\nMEDICATIONS (4):\n  - Amoxicillin 250 MG / Clavulanate 125 MG Oral Tablet (from: 2011-06-20, to: 2011-07-11)\n  - Acetaminophen 21.7 MG/ML / Dextromethorphan Hydrobromide 1 MG/ML / doxylamine succinate 0.417 MG/ML Oral Solution (from: 2017-04-30, to: 2017-05-14)\n  - Acetaminophen 325 MG / HYDROcodone Bitartrate 7.5 MG Oral Tablet (from: 2020-01-05, to: 2020-02-03)\n  - Naproxen sodium 220 MG Oral Tablet (from: 2020-01-05, to: 2020-03-05)'}",0.025,False
MH_V2_018,multi-hop,How did patient 076688b0's condition burden change across decades (Waves 1-2 vs Waves 3-4 vs Waves 5-6)?,"Early waves (1-2): 3, Mid waves (3-4): 0, Late waves (5-6): 4 conditions","{'answer': 'Not found in records.', 'patient_id': '076688b0', 'waves': [], 'category': 'lookup', 'context': 'PATIENT RECORD\nPatient ID : 076688b0\nName       : Manie910 Torp761\nGender     : F  |  Race: white\nBirthdate  : 1959-04-24  |  Location: South Hadley, Massachusetts\n\n=== FULL HISTORY (all waves) ===\nCONDITIONS (6):\n  - Osteoarthritis of knee (onset: 1996-04-14)\n  - Acute viral pharyngitis (disorder) (onset: 2011-07-11)\n  - Acute bronchitis (disorder) (onset: 2013-01-18)\n  - Hyperlipidemia (onset: 2018-06-15)\nOBSERVATIONS (314):\n  - Body Height: 171.3 cm (date: 2019-06-22)\n  - Pain severity - 0-10 verbal numeric rating [Score] - Reported: 1.0 {score} (date: 2019-06-22)\n  - Body Weight: 80.6 kg (date: 2019-06-22)\n  - Body Mass Index: 27.5 kg/m2 (date: 2019-06-22)\n  - Diastolic Blood Pressure: 79.0 mm[Hg] (date: 2019-06-22)\n  - Systolic Blood Pressure: 116.0 mm[Hg] (date: 2019-06-22)\n  - Heart rate: 88.0 /min (date: 2019-06-22)\n  - Respiratory rate: 14.0 /min (date: 2019-06-22)\n  - Glucose: 89.6 mg/dL (date: 2019-07-07)\n  - Urea Nitrogen: 9.7 mg/dL (date: 2019-07-07)\n  - Creatinine: 2.7 mg/dL (date: 2019-07-07)\n  - Calcium: 9.9 mg/dL (date: 2019-07-07)\n  - Sodium: 139.3 mmol/L (date: 2019-07-07)\n  - Potassium: 3.8 mmol/L (date: 2019-07-07)\n  - Chloride: 104.0 mmol/L (date: 2019-07-07)\n  - Carbon Dioxide: 22.4 mmol/L (date: 2019-07-07)\n  - Leukocytes [#/volume] in Blood by Automated count: 6.2 10*3/uL (date: 2016-06-04)\n  - Erythrocytes [#/volume] in Blood by Automated count: 4.7 10*6/uL (date: 2016-06-04)\n  - Hemoglobin [Mass/volume] in Blood: 16.3 g/dL (date: 2016-06-04)\n  - Hematocrit [Volume Fraction] of Blood by Automated count: 43.3 % (date: 2016-06-04)\n  - MCV [Entitic volume] by Automated count: 83.2 fL (date: 2016-06-04)\n  - MCH [Entitic mass] by Automated count: 28.3 pg (date: 2016-06-04)\n  - MCHC [Mass/volume] by Automated count: 35.0 g/dL (date: 2016-06-04)\n  - Erythrocyte distribution width [Entitic volume] by Automated count: 42.3 fL (date: 2016-06-04)\n  - Platelets [#/volume] in Blood by Automated count: 303.5 10*3/uL (date: 2016-06-04)\nMEDICATIONS (5):\n  - Naproxen sodium 220 MG Oral Tablet (from: 1994-08-08, to: 1994-08-29)\n  - Acetaminophen 325 MG Oral Tablet (from: 2013-01-20, to: 2013-02-03)\n  - Simvastatin 10 MG Oral Tablet (from: 2018-07-07, to: 2019-07-07)'}",0.017,False
MH_V2_019,multi-hop,Did patient 05cdf25a have any clinical observations recorded before their first condition was diagnosed?,"Yes — first obs Wave 6 (2015-01-17), first diagnosis Wave 6 (2015-03-18)","{'answer': 'Yes; Leukocytes: 4.7 10*3/uL; Erythrocytes: 4.8 10*6/uL; Hemoglobin: 16.1 g/dL; Hematocrit: 42.8 %; MCV: 82.9 fL; MCH: 29.6 pg; MCHC: 33.6 g/dL; Erythrocyte distribution width: 41.7 fL; Platelets: 216.9 10*3/uL; Platelet distribution width: 459.2 fL; Platelet mean volume: 10.1 fL (all on date: 2015-01-17).', 'patient_id': '05cdf25a', 'waves': [], 'category': 'lookup', 'context': 'PATIENT RECORD\nPatient ID : 05cdf25a\nName       : Arthur650 Steuber698\nGender     : M  |  Race: black\nBirthdate  : 2015-01-17  |  Location: Hampden, Massachusetts\n\n=== FULL HISTORY (all waves) ===\nCONDITIONS (3):\n  - Otitis media (onset: 2015-03-18)\n  - Viral sinusitis (disorder) (onset: 2017-10-11)\n  - Streptococcal sore throat (disorder) (onset: 2018-11-01)\nOBSERVATIONS (178):\n  - Body Height: 105.2 cm (date: 2019-12-28)\n  - Pain severity - 0-10 verbal numeric rating [Score] - Reported: 3.0 {score} (date: 2019-12-28)\n  - Body Weight: 18.6 kg (date: 2019-12-28)\n  - Weight-for-length Per age and sex: 77.3 % (date: 2018-12-22)\n  - Head Occipital-frontal circumference: 48.5 cm (date: 2018-12-22)\n  - Diastolic Blood Pressure: 78.0 mm[Hg] (date: 2019-12-28)\n  - Systolic Blood Pressure: 126.0 mm[Hg] (date: 2019-12-28)\n  - Heart rate: 61.0 /min (date: 2019-12-28)\n  - Respiratory rate: 15.0 /min (date: 2019-12-28)\n  - Leukocytes [#/volume] in Blood by Automated count: 4.7 10*3/uL (date: 2015-01-17)\n  - Erythrocytes [#/volume] in Blood by Automated count: 4.8 10*6/uL (date: 2015-01-17)\n  - Hemoglobin [Mass/volume] in Blood: 16.1 g/dL (date: 2015-01-17)\n  - Hematocrit [Volume Fraction] of Blood by Automated count: 42.8 % (date: 2015-01-17)\n  - MCV [Entitic volume] by Automated count: 82.9 fL (date: 2015-01-17)\n  - MCH [Entitic mass] by Automated count: 29.6 pg (date: 2015-01-17)\n  - MCHC [Mass/volume] by Automated count: 33.6 g/dL (date: 2015-01-17)\n  - Erythrocyte distribution width [Entitic volume] by Automated count: 41.7 fL (date: 2015-01-17)\n  - Platelets [#/volume] in Blood by Automated count: 216.9 10*3/uL (date: 2015-01-17)\n  - Platelet distribution width [Entitic volume] in Blood by Automated count: 459.2 fL (date: 2015-01-17)\n  - Platelet mean volume [Entitic volume] in Blood by Automated count: 10.1 fL (date: 2015-01-17)\n  - Tobacco smoking status NHIS: Never smoker nan (date: 2019-12-28)\n  - Body Mass Index: 16.8 kg/m2 (date: 2019-12-28)\n  - Body mass index (BMI) [Percentile] Per age and gender: 84.9 % (date: 2019-12-28)\n  - Body temperature: 38.0 Cel (date: 2018-11-01)\n  - QALY: 4.0 a (date: 2020-01-17)\nMEDICATIONS (4):\n  - Amoxicillin 250 MG Oral Capsule (from: 2015-03-18, to: 2015-04-01)\n  - Ibuprofen 100 MG Oral Tablet (from: 2015-03-18, to: 2015-04-01)\n  - Amoxicillin 250 MG / Clavulanate 125 MG Oral Tablet (from: 2017-10-11, to: 2017-11-01)\n  - Penicillin V Potassium 250 MG Oral Tablet (from: 2018-11-01, to: 2018-11-09)'}",0.036,False
MH_V2_020,multi-hop,Did patient 072f2f15 have any medications stopped while a condition was still active?,Yes — 'Naproxen sodium 220 MG Oral Tablet' stopped 2019-10-06 while 'Recurrent urinary tract infection' (diagnosed 1972-06-18) was still active,"{'answer': 'Naproxen sodium 220 MG Oral Tablet was stopped on 2019-10-06, and the patient had active conditions: Miscarriage in first trimester is a past condition; Prediabetes; Fracture subluxation of wrist.', 'patient_id': '072f2f15', 'waves': [], 'category': 'lookup', 'context': 'PATIENT RECORD\nPatient ID : 072f2f15\nName       : Mickey576 Leffler128\nGender     : F  |  Race: white\nBirthdate  : 1951-04-17  |  Location: Boxford, Massachusetts\n\n=== FULL HISTORY (all waves) ===\nCONDITIONS (3):\n  - Miscarriage in first trimester (onset: 1990-08-07)\n  - Prediabetes (onset: 1993-04-27)\n  - Fracture subluxation of wrist (onset: 2019-08-07)\nOBSERVATIONS (252):\n  - Body Height: 166.4 cm (date: 2019-07-30)\n  - Pain severity - 0-10 verbal numeric rating [Score] - Reported: 1.0 {score} (date: 2019-07-30)\n  - Body Weight: 75.9 kg (date: 2019-07-30)\n  - Body Mass Index: 27.4 kg/m2 (date: 2019-07-30)\n  - Diastolic Blood Pressure: 82.0 mm[Hg] (date: 2019-07-30)\n  - Systolic Blood Pressure: 116.0 mm[Hg] (date: 2019-07-30)\n  - Heart rate: 96.0 /min (date: 2019-07-30)\n  - Respiratory rate: 13.0 /min (date: 2019-07-30)\n  - Glucose: 99.1 mg/dL (date: 2019-07-30)\n  - Urea Nitrogen: 14.8 mg/dL (date: 2019-07-30)\n  - Creatinine: 0.7 mg/dL (date: 2019-07-30)\n  - Calcium: 9.9 mg/dL (date: 2019-07-30)\n  - Sodium: 142.9 mmol/L (date: 2019-07-30)\n  - Potassium: 5.0 mmol/L (date: 2019-07-30)\n  - Chloride: 108.2 mmol/L (date: 2019-07-30)\n  - Carbon Dioxide: 25.8 mmol/L (date: 2019-07-30)\n  - Total Cholesterol: 163.4 mg/dL (date: 2019-07-30)\n  - Triglycerides: 110.4 mg/dL (date: 2019-07-30)\n  - Low Density Lipoprotein Cholesterol: 78.7 mg/dL (date: 2019-07-30)\n  - High Density Lipoprotein Cholesterol: 62.6 mg/dL (date: 2019-07-30)\n  - Tobacco smoking status NHIS: Never smoker nan (date: 2019-07-30)\n  - Hemoglobin A1c/Hemoglobin.total in Blood: 6.1 % (date: 2019-07-30)\n  - Leukocytes [#/volume] in Blood by Automated count: 4.0 10*3/uL (date: 2018-07-24)\n  - Erythrocytes [#/volume] in Blood by Automated count: 4.1 10*6/uL (date: 2018-07-24)\n  - Hemoglobin [Mass/volume] in Blood: 14.4 g/dL (date: 2018-07-24)\nMEDICATIONS (1):\n  - Naproxen sodium 220 MG Oral Tablet (from: 2019-08-07, to: 2019-10-06)'}",0.061,False
MH_V2_021,multi-hop,"In the wave patient ba190ea7 had their highest BMI, was their heart rate also above their personal average?","No — peak BMI 30.4 kg/m2 (Wave 4), HR 71.5 /min (personal avg: 78.5 /min)","{'answer': ""The patient's highest BMI was 28.3 kg/m2 (date: 2016-09-06); their heart rate on that date was 79.0 /min. The patient's average heart rate is not provided, but their other recorded heart rate is not available to compare; however, another heart rate of 79.0 /min is not found, but a comparison can be made to no other value, so the answer is Not found in records."", 'patient_id': 'ba190ea7', 'waves': [], 'category': 'aggregate', 'context': 'PATIENT RECORD\nPatient ID : ba190ea7\nName       : Etta748 Adams676\nGender     : F  |  Race: white\nBirthdate  : 1923-05-15  |  Location: West Springfield, Massachusetts\n\n=== FULL HISTORY (all waves) ===\nCONDITIONS (9):\n  - Atrial Fibrillation (onset: 1995-05-09)\n  - Viral sinusitis (disorder) (onset: 2007-12-04)\n  - Fracture of forearm (onset: 2012-02-07)\n  - Osteoporosis (disorder) (onset: 2013-08-20)\n  - Chronic congestive heart failure (disorder) (onset: 2014-05-11)\n  - Acute viral pharyngitis (disorder) (onset: 2014-07-01)\n  - Acute bronchitis (disorder) (onset: 2014-07-09)\nOBSERVATIONS (331):\n  - Body Height: 150.0 cm (date: 2016-09-06)\n  - Pain severity - 0-10 verbal numeric rating [Score] - Reported: 4.0 {score} (date: 2016-09-06)\n  - Body Weight: 63.7 kg (date: 2016-09-06)\n  - Body Mass Index: 28.3 kg/m2 (date: 2016-09-06)\n  - Diastolic Blood Pressure: 89.0 mm[Hg] (date: 2016-09-06)\n  - Systolic Blood Pressure: 116.0 mm[Hg] (date: 2016-09-06)\n  - Heart rate: 79.0 /min (date: 2016-09-06)\n  - Respiratory rate: 13.0 /min (date: 2016-09-06)\n  - Glucose: 86.7 mg/dL (date: 2017-05-16)\n  - Urea Nitrogen: 12.8 mg/dL (date: 2017-05-16)\n  - Creatinine: 0.5 mg/dL (date: 2017-05-16)\n  - Calcium: 8.8 mg/dL (date: 2017-05-16)\n  - Sodium: 143.7 mmol/L (date: 2017-05-16)\n  - Potassium: 4.0 mmol/L (date: 2017-05-16)\n  - Chloride: 109.2 mmol/L (date: 2017-05-16)\n  - Carbon Dioxide: 20.8 mmol/L (date: 2017-05-16)\n  - Tobacco smoking status NHIS: Former smoker nan (date: 2016-09-06)\n  - Hemoglobin A1c/Hemoglobin.total in Blood: 6.0 % (date: 2016-09-06)\n  - Total Cholesterol: 186.6 mg/dL (date: 2014-08-26)\n  - Triglycerides: 137.5 mg/dL (date: 2014-08-26)\n  - Low Density Lipoprotein Cholesterol: 92.8 mg/dL (date: 2014-08-26)\n  - High Density Lipoprotein Cholesterol: 66.3 mg/dL (date: 2014-08-26)\n  - Leukocytes [#/volume] in Blood by Automated count: 9.2 10*3/uL (date: 2015-09-01)\n  - Erythrocytes [#/volume] in Blood by Automated count: 4.6 10*6/uL (date: 2015-09-01)\n  - Hemoglobin [Mass/volume] in Blood: 12.5 g/dL (date: 2015-09-01)\nMEDICATIONS (112):\n  - amLODIPine 5 MG / Hydrochlorothiazide 12.5 MG / Olmesartan medoxomil 20 MG Oral Tablet (from: 1990-04-10, to: 1991-04-16)\n  - Warfarin Sodium 5 MG Oral Tablet (from: 1995-05-09, to: 1995-05-09)\n  - Verapamil Hydrochloride 40 MG (from: 1995-05-09, to: 1995-05-09)\n  - Digoxin 0.125 MG Oral Tablet (from: 1995-05-09, to: 1995-05-09)\n  - Amoxicillin 250 MG / Clavulanate 125 MG Oral Tablet (from: 2009-10-08, to: 2009-10-15)\n  - Acetaminophen 325 MG Oral Tablet (from: 2012-02-07, to: 2012-04-07)\n  - Alendronic acid 10 MG Oral Tablet (from: 2013-08-20, to: ongoing)\n  - 24 HR metoprolol succinate 100 MG Extended Release Oral Tablet [Toprol] (from: 2014-06-01, to: ongoing)\n  - Furosemide 40 MG Oral Tablet (from: 2014-06-01, to: ongoing)\n  - Acetaminophen 21.7 MG/ML / Dextromethorphan Hydrobromide 1 MG/ML / doxylamine succinate 0.417 MG/ML Oral Solution (from: 2014-07-09, to: 2014-07-23)\n  - 10 ML Furosemide 10 MG/ML Injection (from: 2017-05-16, to: ongoing)'}",0.026,False
MH_V2_022,multi-hop,Did patient 0780f97f receive a new medication in every wave they received a new condition diagnosis?,Yes — new medications matched in all 3 waves with new conditions,"{'answer': 'No, patient 0780f97f did not receive a new medication in every wave they received a new condition diagnosis; for example, Neoplasm of prostate and Metastasis from malignant tumor of prostate were diagnosed on 2002-08-19, but no new medication was started on that date.', 'patient_id': '0780f97f', 'waves': [], 'category': 'lookup', 'context': 'PATIENT RECORD\nPatient ID : 0780f97f\nName       : Bradford382 Barton704\nGender     : M  |  Race: white\nBirthdate  : 1939-06-11  |  Location: Northbridge, Massachusetts\n\n=== FULL HISTORY (all waves) ===\nCONDITIONS (6):\n  - Streptococcal sore throat (disorder) (onset: 1996-11-14)\n  - Acute viral pharyngitis (disorder) (onset: 1999-04-20)\n  - Osteoporosis (disorder) (onset: 1999-08-08)\n  - Sprain of ankle (onset: 2001-03-29)\n  - Neoplasm of prostate (onset: 2002-08-19)\n  - Metastasis from malignant tumor of prostate (disorder) (onset: 2002-08-19)\nOBSERVATIONS (197):\n  - Body temperature: 37.4 Cel (date: 1999-04-20)\n  - Body Height: 179.2 cm (date: 2005-09-11)\n  - Pain severity - 0-10 verbal numeric rating [Score] - Reported: 3.0 {score} (date: 2005-09-11)\n  - Body Weight: 88.8 kg (date: 2005-09-11)\n  - Body Mass Index: 27.7 kg/m2 (date: 2005-09-11)\n  - Diastolic Blood Pressure: 83.0 mm[Hg] (date: 2005-09-11)\n  - Systolic Blood Pressure: 119.0 mm[Hg] (date: 2005-09-11)\n  - Heart rate: 92.0 /min (date: 2005-09-11)\n  - Respiratory rate: 16.0 /min (date: 2005-09-11)\n  - Glucose: 90.7 mg/dL (date: 2005-09-11)\n  - Urea Nitrogen: 9.6 mg/dL (date: 2005-09-11)\n  - Creatinine: 1.1 mg/dL (date: 2005-09-11)\n  - Calcium: 9.0 mg/dL (date: 2005-09-11)\n  - Sodium: 137.2 mmol/L (date: 2005-09-11)\n  - Potassium: 4.6 mmol/L (date: 2005-09-11)\n  - Chloride: 106.0 mmol/L (date: 2005-09-11)\n  - Carbon Dioxide: 21.5 mmol/L (date: 2005-09-11)\n  - Tobacco smoking status NHIS: Former smoker nan (date: 2005-09-11)\n  - Hemoglobin A1c/Hemoglobin.total in Blood: 5.9 % (date: 2005-09-11)\n  - Total Cholesterol: 165.5 mg/dL (date: 2004-09-05)\n  - Triglycerides: 112.0 mg/dL (date: 2004-09-05)\n  - Low Density Lipoprotein Cholesterol: 80.6 mg/dL (date: 2004-09-05)\n  - High Density Lipoprotein Cholesterol: 62.6 mg/dL (date: 2004-09-05)\n  - Physical findings of Prostate: Prostate enlarged on PR {nominal} (date: 2002-08-19)\n  - Prostate specific Ag [Mass/volume] in Serum or Plasma: 7.2 ng/mL (date: 2002-08-19)\nMEDICATIONS (3):\n  - Penicillin V Potassium 500 MG Oral Tablet (from: 1996-11-14, to: 1996-11-27)\n  - Alendronic acid 10 MG Oral Tablet (from: 1999-08-08, to: ongoing)\n  - Acetaminophen 325 MG Oral Tablet (from: 2001-03-29, to: 2001-04-12)'}",0.032,False
MH_V2_023,multi-hop,What was the longest gap (in waves) between condition diagnoses for patient 07b30273?,4 waves between Wave 1 and Wave 5,"{'answer': 'The conditions and their onset dates are: Viral sinusitis (2014-05-07); Concussion with no loss of consciousness (2014-12-10); Diabetes (2017-09-03); Acute viral pharyngitis (2018-10-02); Hypertriglyceridemia (2018-10-07); Metabolic syndrome X (2018-10-07); Hyperlipidemia (2019-09-08); Acute bronchitis (2020-04-23). \nThe longest gap is between 2014-12-10 and 2017-09-03, which is approximately 2 years and 9 months, or 33 months.', 'patient_id': '07b30273', 'waves': [], 'category': 'lookup', 'context': 'PATIENT RECORD\nPatient ID : 07b30273\nName       : Conchita9 Rolón954\nGender     : F  |  Race: white\nBirthdate  : 1973-08-19  |  Location: Holyoke, Massachusetts\n\n=== FULL HISTORY (all waves) ===\nCONDITIONS (8):\n  - Viral sinusitis (disorder) (onset: 2014-05-07)\n  - Concussion with no loss of consciousness (onset: 2014-12-10)\n  - Diabetes (onset: 2017-09-03)\n  - Acute viral pharyngitis (disorder) (onset: 2018-10-02)\n  - Hypertriglyceridemia (disorder) (onset: 2018-10-07)\n  - Metabolic syndrome X (disorder) (onset: 2018-10-07)\n  - Hyperlipidemia (onset: 2019-09-08)\n  - Acute bronchitis (disorder) (onset: 2020-04-23)\nOBSERVATIONS (166):\n  - Body Height: 162.4 cm (date: 2019-09-08)\n  - Pain severity - 0-10 verbal numeric rating [Score] - Reported: 2.0 {score} (date: 2019-09-08)\n  - Body Weight: 73.1 kg (date: 2019-09-08)\n  - Body Mass Index: 27.7 kg/m2 (date: 2019-09-08)\n  - Diastolic Blood Pressure: 84.0 mm[Hg] (date: 2019-09-08)\n  - Systolic Blood Pressure: 131.0 mm[Hg] (date: 2019-09-08)\n  - Heart rate: 64.0 /min (date: 2019-09-08)\n  - Respiratory rate: 13.0 /min (date: 2019-09-08)\n  - Total Cholesterol: 206.2 mg/dL (date: 2019-09-08)\n  - Triglycerides: 299.7 mg/dL (date: 2019-09-08)\n  - Low Density Lipoprotein Cholesterol: 108.9 mg/dL (date: 2019-09-08)\n  - High Density Lipoprotein Cholesterol: 32.2 mg/dL (date: 2019-09-08)\n  - Tobacco smoking status NHIS: Never smoker nan (date: 2019-09-08)\n  - Leukocytes [#/volume] in Blood by Automated count: 9.8 10*3/uL (date: 2018-10-07)\n  - Erythrocytes [#/volume] in Blood by Automated count: 4.9 10*6/uL (date: 2018-10-07)\n  - Hemoglobin [Mass/volume] in Blood: 17.1 g/dL (date: 2018-10-07)\n  - Hematocrit [Volume Fraction] of Blood by Automated count: 49.1 % (date: 2018-10-07)\n  - MCV [Entitic volume] by Automated count: 80.7 fL (date: 2018-10-07)\n  - MCH [Entitic mass] by Automated count: 31.5 pg (date: 2018-10-07)\n  - MCHC [Mass/volume] by Automated count: 34.9 g/dL (date: 2018-10-07)\n  - Erythrocyte distribution width [Entitic volume] by Automated count: 39.8 fL (date: 2018-10-07)\n  - Platelets [#/volume] in Blood by Automated count: 238.2 10*3/uL (date: 2018-10-07)\n  - Platelet distribution width [Entitic volume] in Blood by Automated count: 462.5 fL (date: 2018-10-07)\n  - Platelet mean volume [Entitic volume] in Blood by Automated count: 10.6 fL (date: 2018-10-07)\n  - Hemoglobin A1c/Hemoglobin.total in Blood: 6.9 % (date: 2019-09-08)\nMEDICATIONS (10):\n  - Acetaminophen 325 MG Oral Tablet (from: 1990-06-21, to: 1990-07-05)\n  - Trinessa 28 Day Pack (from: 2009-10-27, to: 2010-10-22)\n  - Yaz 28 Day Pack (from: 2010-10-22, to: 2011-10-17)\n  - 168 HR Ethinyl Estradiol 0.00146 MG/HR / norelgestromin 0.00625 MG/HR Transdermal System (from: 2011-10-17, to: 2012-10-11)\n  - Seasonique 91 Day Pack (from: 2017-09-18, to: 2018-09-13)\n  - 1 ML medroxyprogesterone acetate 150 MG/ML Injection (from: 2019-09-08, to: ongoing)\n  - Simvastatin 10 MG Oral Tablet (from: 2019-09-29, to: ongoing)'}",0.015,False
MH_V2_024,multi-hop,Was patient 08180c75's most recent wave also their most clinically intense (highest observation count)?,Yes — Wave 6 (most recent) had 149 observations (highest),"{'answer': 'Not found in records.', 'patient_id': '08180c75', 'waves': [], 'category': 'aggregate', 'context': 'PATIENT RECORD\nPatient ID : 08180c75\nName       : Eugena417 Schmeler639\nGender     : F  |  Race: white\nBirthdate  : 1953-05-27  |  Location: Braintree, Massachusetts\n\n=== FULL HISTORY (all waves) ===\nCONDITIONS (5):\n  - Viral sinusitis (disorder) (onset: 2013-03-05)\n  - Acute viral pharyngitis (disorder) (onset: 2016-05-01)\n  - Hyperlipidemia (onset: 2017-08-16)\nOBSERVATIONS (224):\n  - Body Height: 176.6 cm (date: 2019-08-28)\n  - Pain severity - 0-10 verbal numeric rating [Score] - Reported: 1.0 {score} (date: 2019-08-28)\n  - Body Weight: 95.0 kg (date: 2019-08-28)\n  - Body Mass Index: 30.5 kg/m2 (date: 2019-08-28)\n  - Diastolic Blood Pressure: 77.0 mm[Hg] (date: 2019-08-28)\n  - Systolic Blood Pressure: 114.0 mm[Hg] (date: 2019-08-28)\n  - Heart rate: 77.0 /min (date: 2019-08-28)\n  - Respiratory rate: 14.0 /min (date: 2019-08-28)\n  - Leukocytes [#/volume] in Blood by Automated count: 5.9 10*3/uL (date: 2015-08-05)\n  - Erythrocytes [#/volume] in Blood by Automated count: 5.0 10*6/uL (date: 2015-08-05)\n  - Hemoglobin [Mass/volume] in Blood: 12.5 g/dL (date: 2015-08-05)\n  - Hematocrit [Volume Fraction] of Blood by Automated count: 48.0 % (date: 2015-08-05)\n  - MCV [Entitic volume] by Automated count: 86.5 fL (date: 2015-08-05)\n  - MCH [Entitic mass] by Automated count: 32.9 pg (date: 2015-08-05)\n  - MCHC [Mass/volume] by Automated count: 34.8 g/dL (date: 2015-08-05)\n  - Erythrocyte distribution width [Entitic volume] by Automated count: 44.5 fL (date: 2015-08-05)\n  - Platelets [#/volume] in Blood by Automated count: 208.8 10*3/uL (date: 2015-08-05)\n  - Platelet distribution width [Entitic volume] in Blood by Automated count: 389.2 fL (date: 2015-08-05)\n  - Platelet mean volume [Entitic volume] in Blood by Automated count: 10.8 fL (date: 2015-08-05)\n  - Tobacco smoking status NHIS: Never smoker nan (date: 2019-08-28)\n  - Total Cholesterol: 181.5 mg/dL (date: 2019-09-06)\n  - Triglycerides: 195.2 mg/dL (date: 2019-09-06)\n  - Low Density Lipoprotein Cholesterol: 147.2 mg/dL (date: 2019-09-06)\n  - High Density Lipoprotein Cholesterol: 67.9 mg/dL (date: 2019-09-06)\n  - Body temperature: 37.1 Cel (date: 2016-05-01)\nMEDICATIONS (5):\n  - Amoxicillin 250 MG / Clavulanate 125 MG Oral Tablet (from: 2013-03-05, to: 2013-03-26)\n  - Simvastatin 10 MG Oral Tablet (from: 2017-09-06, to: 2019-09-06)'}",0.033,False
MH_V2_025,multi-hop,Which came first for patient 09616ead — their cardiovascular condition or their metabolic condition?,"Hypertension (cardiovascular) diagnosed first (Wave 1, 1971-09-27)","{'answer': 'Not found in records.', 'patient_id': '09616ead', 'waves': [], 'category': 'lookup', 'context': 'PATIENT RECORD\nPatient ID : 09616ead\nName       : Christena299 Lang846\nGender     : F  |  Race: white\nBirthdate  : 1953-08-03  |  Location: Attleboro, Massachusetts\n\n=== FULL HISTORY (all waves) ===\nCONDITIONS (2):\n  - Viral sinusitis (disorder) (onset: 2013-05-12)\n  - Acute bronchitis (disorder) (onset: 2017-05-17)\nOBSERVATIONS (143):\n  - Body Height: 155.4 cm (date: 2019-06-24)\n  - Pain severity - 0-10 verbal numeric rating [Score] - Reported: 1.0 {score} (date: 2019-06-24)\n  - Body Weight: 69.1 kg (date: 2019-06-24)\n  - Body Mass Index: 28.6 kg/m2 (date: 2019-06-24)\n  - Diastolic Blood Pressure: 85.0 mm[Hg] (date: 2019-06-24)\n  - Systolic Blood Pressure: 124.0 mm[Hg] (date: 2019-06-24)\n  - Heart rate: 83.0 /min (date: 2019-06-24)\n  - Respiratory rate: 15.0 /min (date: 2019-06-24)\n  - Total Cholesterol: 163.7 mg/dL (date: 2017-06-12)\n  - Triglycerides: 134.8 mg/dL (date: 2017-06-12)\n  - Low Density Lipoprotein Cholesterol: 59.1 mg/dL (date: 2017-06-12)\n  - High Density Lipoprotein Cholesterol: 77.6 mg/dL (date: 2017-06-12)\n  - Tobacco smoking status NHIS: Never smoker nan (date: 2019-06-24)\n  - Leukocytes [#/volume] in Blood by Automated count: 6.4 10*3/uL (date: 2015-06-01)\n  - Erythrocytes [#/volume] in Blood by Automated count: 4.8 10*6/uL (date: 2015-06-01)\n  - Hemoglobin [Mass/volume] in Blood: 14.1 g/dL (date: 2015-06-01)\n  - Hematocrit [Volume Fraction] of Blood by Automated count: 44.0 % (date: 2015-06-01)\n  - MCV [Entitic volume] by Automated count: 86.7 fL (date: 2015-06-01)\n  - MCH [Entitic mass] by Automated count: 28.2 pg (date: 2015-06-01)\n  - MCHC [Mass/volume] by Automated count: 35.5 g/dL (date: 2015-06-01)\n  - Erythrocyte distribution width [Entitic volume] by Automated count: 44.7 fL (date: 2015-06-01)\n  - Platelets [#/volume] in Blood by Automated count: 167.0 10*3/uL (date: 2015-06-01)\n  - Platelet distribution width [Entitic volume] in Blood by Automated count: 403.1 fL (date: 2015-06-01)\n  - Platelet mean volume [Entitic volume] in Blood by Automated count: 9.9 fL (date: 2015-06-01)\n  - QALY: 64.9 a (date: 2019-08-03)\nMEDICATIONS (39):\n  - Hydrochlorothiazide 25 MG Oral Tablet (from: 1990-01-08, to: 1990-05-07)\n  - Acetaminophen 325 MG Oral Tablet (from: 2017-05-17, to: 2017-05-31)'}",0.02,False
